,0,1,2,3
0,1.63135401667,0.319712871133,1.63098943233,0.320012062788
1,2.17513868889,0.230283828178,2.18691253662,0.244363322854
2,2.71892336111,0.0428547852221,2.72092628479,0.0484490431845
3,1.00654722625,1.2962676306,1.00406932831,1.30222451687
4,2.01309445249,2.2005352612,2.00910234451,2.19888687134
5,2.51636806562,2.5056690765,2.51861786842,2.51824307442
6,6.03928335748,1.89760578359,6.05945444107,1.90710020065
7,6.54255697061,1.41873959889,6.5565290451,1.40509533882
8,7.04583058373,0.841873414194,7.05241346359,0.845543861389
9,7.54910419686,0.167007229493,7.54984617233,0.160990983248
10,0.958362612057,0.526178027782,0.962636172771,0.522545993328
11,1.43754391809,0.642267041674,1.43548583984,0.6398011446
12,2.39590653014,0.580445069456,2.38972949982,0.596749603748
13,2.87508783617,0.402534083347,2.8757417202,0.396239459515
14,3.3542691422,0.126623097239,3.35555386543,0.120508000255
15,2.26555340778,2.60172546125,2.26126623154,2.60868811607
16,4.53110681556,4.81145092249,4.52805280685,4.80751514435
17,5.66388351945,5.76931365311,5.65201854706,5.77287387848
18,7.92943692723,7.39103911436,7.92239284515,7.41309499741
19,9.06221363112,8.05490184498,9.0797290802,8.07517814636
20,10.194990335,8.6207645756,10.2132015228,8.63353061676
21,11.3277670389,9.08862730623,11.3205623627,9.10898590088
22,12.4605437428,9.45849003685,12.4658155441,9.46640586853
23,15.8588738545,9.98007822872,15.8791885376,9.99150276184
24,18.1244272622,9.83780368996,18.1367206573,9.86462688446
25,19.2572039661,9.61966642058,19.2558002472,9.64404678345
26,21.5227573739,8.88939188183,21.5513801575,8.88535022736
27,23.7883107817,7.76711734307,23.808139801,7.78387928009
28,24.9210874856,7.0589800737,24.9302406311,7.10024642944
29,26.0538641895,6.25284280432,26.0748958588,6.26382446289
30,27.1866408934,5.34870553494,27.2019004822,5.37802839279
31,28.3194175972,4.34656826556,28.3095912933,4.37105083466
32,30.584971005,2.04829372681,30.5822257996,2.06306052208
33,31.7177477089,0.752156457431,31.7367973328,0.763034045696
34,1.52824165596,1.90744418537,1.52732026577,1.90856599808
35,3.05648331192,3.42288837075,3.05610942841,3.42505383492
36,3.8206041399,4.03361046344,3.82713794708,4.02694034576
37,4.58472496788,4.54633255612,4.57549381256,4.56419181824
38,5.34884579586,4.96105464881,5.34603023529,4.97628736496
39,6.11296662384,5.2777767415,6.12407970428,5.27532911301
40,6.87708745182,5.49649883419,6.88000488281,5.49402761459
41,7.6412082798,5.61722092687,7.64119768143,5.61019468307
42,9.16944993576,5.56466511225,9.14840888977,5.58443069458
43,10.6976915917,5.12010929762,10.6793775558,5.13631248474
44,14.5182957316,2.29371976106,14.5057754517,2.32730531693
45,2.46657273564,0.657188936305,2.46798944473,0.652336061001
46,4.11095455939,0.605314893841,4.11266994476,0.599249899387
47,4.93314547127,0.432377872609,4.93055677414,0.428014457226
48,2.45134221798,1.860920351,2.45135998726,1.86333286762
49,3.67701332697,2.6443805265,3.67142510414,2.6442463398
50,6.12835554495,3.91730087749,6.12906265259,3.91684532166
51,7.35402665394,4.40676105299,7.35122966766,4.41101932526
52,8.57969776293,4.79822122849,8.56157970428,4.78853940964
53,12.2567110899,5.38460175498,12.2577972412,5.40873098373
54,13.4823821989,5.38406193048,13.4937858582,5.39968347549
55,14.7080533079,5.28552210598,14.707452774,5.28911828995
56,15.9337244169,5.08898228148,15.9233837128,5.09844207764
57,17.1593955259,4.79444245698,17.1554412842,4.81272029877
58,18.3850666349,4.40190263248,18.3788375854,4.41013813019
59,19.6107377438,3.91136280798,19.617307663,3.92592096329
60,20.8364088528,3.32282298347,20.8502578735,3.33843159676
61,22.0620799618,2.63628315897,22.0698204041,2.65549755096
62,23.2877510708,1.85174333447,23.2892837524,1.86976695061
63,24.5134221798,0.969203509969,24.5193386078,0.985000908375
64,0.0,0.0,0.0,0.0
65,2.04295724883,3.56852935885,2.03952217102,3.56627750397
66,2.72394299844,4.56203914513,2.73472070694,4.564057827
67,3.40492874805,5.45754893141,3.41209459305,5.48849153519
68,6.80985749609,8.46509786283,6.81574773788,8.47596549988
69,8.17182899531,8.98211743539,8.17465877533,8.99592208862
70,8.85281474492,9.09362722167,8.85886955261,9.11886405945
71,9.53380049453,9.10713700796,9.5147562027,9.12658977509
72,12.257743493,8.18117615309,12.2450342178,8.19577884674
73,12.9387292426,7.70468593937,12.9259166718,7.72079658508
74,13.6197149922,7.13019572565,13.6141910553,7.15836858749
75,14.3007007418,6.45770551193,14.2821455002,6.47575092316
76,14.9816864914,5.68721529822,14.9764413834,5.70970869064
77,15.662672241,4.8187250845,15.6350355148,4.82770013809
78,17.0246437402,2.78774465706,17.0181083679,2.79943680763
79,17.7056294898,1.62525444335,17.6865386963,1.64424932003
80,2.10387046312,0.44721775039,2.10064601898,0.4494997859
81,3.15580569468,0.523826625585,3.15886116028,0.529529571533
82,4.20774092624,0.50243550078,4.19726800919,0.495666921139
83,5.2596761578,0.383044375975,5.26066350937,0.388238042593
84,0.741886969926,0.991267334619,0.733966290951,0.996672689915
85,1.11283045489,1.33990100193,1.12017011642,1.34010148048
86,1.85471742482,1.74316833655,1.84574067593,1.75583791733
87,2.22566090978,1.79780200386,2.24360322952,1.79036140442
88,2.59660439474,1.75443567117,2.6164598465,1.74107313156
89,3.33849136467,1.37370300579,3.35393190384,1.35595011711
90,3.70943484963,1.03633667309,3.7334561348,1.0319930315
91,4.0803783346,0.600970340404,4.10055494308,0.578223645687
92,4.45132181956,0.067604007714,4.46250629425,0.0524992235005
93,0.055669240384,0.200107227497,0.0596124529839,0.206272855401
94,0.083503860576,0.153160841245,0.0819854959846,0.155571699142
95,0.111338480768,0.00821445499326,0.112257570028,0.0144970566034
96,1.16286848731,2.99895491067,1.16053378582,2.99942827225
97,3.48860546192,7.82086473202,3.48107171059,7.82618665695
98,4.07003970558,8.78134218735,4.06804847717,8.78957939148
99,5.81434243654,11.0747745534,5.82240915298,11.0993251801
100,7.5586451675,12.4862069194,7.57102251053,12.4985103607
101,8.14007941115,12.7606843747,8.1387386322,12.7692403793
102,9.30294789846,13.0156392854,9.31453037262,13.0277175903
103,9.88438214211,12.9961167407,9.89687824249,12.9932394028
104,11.6286848731,12.3495491067,11.6423454285,12.3505382538
105,12.7915533604,11.4285040174,12.7965192795,11.4352006912
106,13.9544218477,10.1154589281,13.9592876434,10.122382164
107,14.5358560913,9.3119363834,14.5522890091,9.31220340729
108,15.117290335,8.41041383874,15.1377067566,8.428647995
109,15.6987245786,7.41089129407,15.7186231613,7.42476701736
110,16.2801588223,6.31336874941,16.2999515533,6.32722139359
111,17.4430273096,3.82432366008,17.4596290588,3.84465050697
112,18.0244615533,2.43280111542,18.0504112244,2.45876598358
113,18.6058957969,0.943278570753,18.6128482819,0.975756108761
114,4.2548335902,1.02405669506,4.2546339035,1.02958917618
115,5.6731114536,1.16940892674,5.67491292953,1.16999697685
116,7.09138931699,1.21676115843,7.0984787941,1.21516227722
117,8.50966718039,1.16611339011,8.50857162476,1.17485034466
118,1.64438182376,0.291125957536,1.64429104328,0.295615911484
119,2.19250909834,0.192167943382,2.20734000206,0.201536655426
120,0.13261808747,3.60168514267,0.131499528885,3.60590863228
121,0.198927131204,5.25552771401,0.198959112167,5.26178264618
122,0.265236174939,6.81137028535,0.268888056278,6.81406927109
123,0.331545218674,8.26921285668,0.330864459276,8.27617549896
124,0.397854262409,9.62905542802,0.398843824863,9.62894248962
125,0.530472349878,12.0547405707,0.528807759285,12.0590209961
126,0.663090437348,14.0884257134,0.667446255684,14.0933647156
127,0.729399481082,14.9582682847,0.723074495792,14.9667739868
128,0.862017568552,16.4039534274,0.860381662846,16.4139537811
129,0.928326612287,16.9797959987,0.927687227726,16.9892024994
130,0.994635656021,17.45763857,0.990514099598,17.4616966248
131,1.12725374349,18.1193237127,1.12389290333,18.1195316315
132,1.25987183096,18.3890088554,1.25541961193,18.3907279968
133,1.3261808747,18.3768514267,1.32498085499,18.3795490265
134,1.39248991843,18.2666939981,1.39459609985,18.2708568573
135,1.45879896216,18.0585365694,1.46418869495,18.0645618439
136,1.5251080059,17.7523791407,1.53466057777,17.7632541656
137,1.65772609337,16.8460642834,1.65397787094,16.8538455963
138,1.7240351371,16.2459068547,1.722687006,16.2526359558
139,1.79034418084,15.5477494261,1.7914172411,15.5538425446
140,1.85665322457,14.7515919974,1.85951805115,14.7571048737
141,1.92296226831,13.8574345688,1.9220290184,13.8636865616
142,1.98927131204,12.8652771401,1.99394953251,12.869143486
143,2.05558035578,11.7751197114,2.06099629402,11.7816572189
144,2.18819844325,9.3008048541,2.18654608727,9.31310558319
145,2.25450748698,7.91664742543,2.25734043121,7.91650390625
146,2.51974366192,1.40001771078,2.51757740974,1.4048974514
147,3.88739065236,3.72771609923,3.88503456116,3.7330057621
148,5.18318753647,4.77428813231,5.17926073074,4.78561496735
149,6.47898442059,5.72286016538,6.48290967941,5.7226691246
150,7.77478130471,6.57343219846,7.74700450897,6.58082151413
151,9.07057818883,7.32600423153,9.05765342712,7.36545419693
152,11.6621719571,8.53714829769,11.6873598099,8.54835128784
153,18.1411563777,9.85000846307,18.1617164612,9.86767482758
154,19.4369532618,9.81858049615,19.4547367096,9.8418340683
155,23.3243439141,9.13629659538,23.3467273712,9.15293598175
156,24.6201407983,8.71286862845,24.64503479,8.72379779816
157,27.2117345665,7.5720126946,27.229598999,7.590508461
158,29.8033283347,6.03915676076,29.8236064911,6.0509095192
159,31.0991252188,5.12572879383,31.1232433319,5.13034963608
160,32.394922103,4.11430082691,32.4127655029,4.1494603157
161,33.6907189871,3.00487285999,33.6928253174,3.03952813148
162,34.9865158712,1.79744489306,34.9882202148,1.83901131153
163,36.2823127553,0.49201692614,36.2993240356,0.533772051334
164,0.0,0.0,0.001674503088,0.0
165,0.175423022834,0.377782853578,0.17660163343,0.380493342876
166,0.26313453425,0.419674280367,0.264502227306,0.417875111103
167,0.350846045667,0.363565707156,0.333912372589,0.347548514605
168,2.40887018289,2.23432137172,2.40333223343,2.2330057621
169,4.01478363815,3.23386895286,4.01167726517,3.23962521553
170,5.62069709341,3.84141653401,5.63184213638,3.85387468338
171,6.42365382105,3.99819032458,6.43041276932,4.01204013824
172,9.63548073157,3.64528548687,9.65225315094,3.66766738892
173,11.2413941868,2.88083306802,11.2440729141,2.87940216064
174,12.0443509145,2.35160685859,12.0476408005,2.35516786575
175,12.8473076421,1.72438064917,12.8323106766,1.74855554104
176,13.6502643697,0.999154439739,13.6516942978,1.01335978508
177,14.4532210974,0.175928230312,14.4528427124,0.200978681445
178,1.16286848731,2.99895491067,1.16053378582,2.99942827225
179,1.74430273096,4.35143236601,1.7460296154,4.35593080521
180,2.32573697461,5.60590982134,2.3304567337,5.6095790863
181,2.90717121827,6.76238727668,2.89404153824,6.76343917847
182,4.07003970558,8.78134218735,4.06804847717,8.78957939148
183,4.65147394923,9.64381964269,4.65428686142,9.65550136566
184,5.23290819288,10.408297098,5.2466840744,10.4209041595
185,6.39577668019,11.6432520087,6.39532184601,11.6388254166
186,6.97721092384,12.113729464,6.98820638657,12.1230993271
187,7.5586451675,12.4862069194,7.57102251053,12.4985103607
188,8.14007941115,12.7606843747,8.1387386322,12.7692403793
189,8.7215136548,12.93716183,8.72197914124,12.9454069138
190,9.30294789846,13.0156392854,9.31453037262,13.0277175903
191,9.88438214211,12.9961167407,9.89687824249,12.9932394028
192,10.4658163858,12.878594196,10.4809322357,12.8919715881
193,11.0472506294,12.6630716514,11.0710601807,12.6697540283
194,12.2101191167,11.9380265621,12.2494945526,11.9349346161
195,12.7915533604,11.4285040174,12.7965192795,11.4352006912
196,13.372987604,10.8209814727,13.3853054047,10.8248643875
197,13.9544218477,10.1154589281,13.9592876434,10.122382164
198,14.5358560913,9.3119363834,14.5522890091,9.31220340729
199,15.6987245786,7.41089129407,15.7186231613,7.42476701736
200,17.4430273096,3.82432366008,17.4596290588,3.84465050697
201,18.6058957969,0.943278570753,18.6128482819,0.975756108761
202,0.24373868681,1.78909230328,0.239809319377,1.79261302948
203,0.487477373621,3.18618460657,0.488650798798,3.19227671623
204,0.731216060431,4.19127690985,0.733205258846,4.18543148041
205,0.853085403836,4.54682306149,0.859894752502,4.54211997986
206,0.974954747241,4.80436921313,0.968265771866,4.79910087585
207,1.09682409065,4.96391536477,1.0964499712,4.97124242783
208,1.34056277746,4.98900766805,1.3462716341,4.98500776291
209,1.94990949448,3.33673842626,1.95531237125,3.34318947792
210,2.07177883789,2.7122845779,2.07336425781,2.70009446144
211,2.19364818129,1.98983072954,2.18734169006,1.99837350845
212,2.4373868681,0.250923032826,2.39315319061,0.259583979845
213,2.07846096908,1.004,2.07895088196,1.00542593002
214,3.11769145362,1.359,3.11172103882,1.36197936535
215,8.31384387633,1.664,8.3095331192,1.67413580418
216,9.35307436087,1.431,9.36194229126,1.44605827332
217,10.3923048454,1.1,10.4082660675,1.11209416389
218,11.43153533,0.671,11.4526615143,0.673824727535
219,12.4707658145,0.144,12.4765434265,0.163959667087
220,0.781363570697,2.07324458144,0.783223986626,2.07922172546
221,1.56272714139,3.75448916288,1.55583524704,3.75471568108
222,1.95340892674,4.4481114536,1.95724248886,4.45125865936
223,2.73477249744,5.54135603503,2.73272252083,5.54866886139
224,3.12545428279,5.94097832575,3.12040019035,5.94687986374
225,3.51613606814,6.24260061647,3.51131486893,6.23940658569
226,4.29749963883,6.55184519791,4.30515241623,6.56727838516
227,5.46954499488,6.28071207007,5.46484136581,6.28669452667
228,5.86022678023,5.99433436079,5.85432338715,5.99886226654
229,6.25090856558,5.60995665151,6.25443840027,5.6172785759
230,6.64159035093,5.12757894223,6.63792800903,5.1442937851
231,7.81363570697,3.09244581438,7.80622148514,3.09775447845
232,8.20431749232,2.2180681051,8.20709514618,2.23500418663
233,8.59499927767,1.24569039582,8.60512065887,1.22271800041
234,8.98568106302,0.175312686541,8.98916912079,0.183371320367
235,2.79772546125,1.82455340778,2.80062460899,1.83291733265
236,3.73030061499,2.23673787704,3.73225474358,2.23777008057
237,4.66287576874,2.5509223463,4.66579627991,2.55686426163
238,5.59545092249,2.76710681556,5.57418823242,2.7882502079
239,6.52802607624,2.88529128482,6.53551626205,2.89845728874
240,7.46060122999,2.90547575408,7.46951913834,2.92730402946
241,8.39317638374,2.82766022334,8.38050746918,2.84607386589
242,9.32575153748,2.6518446926,9.31426525116,2.66810679436
243,10.2583266912,2.37802916186,10.2477884293,2.39635396004
244,13.0560521525,0.968582569637,13.0613803864,0.972838699818
245,13.9886273062,0.302767038897,13.9995737076,0.32389497757
246,0.712805219351,0.167192399792,0.712566792965,0.170158594847
247,1.06920782903,0.103788599687,1.06382882595,0.100273802876
248,0.125606294983,2.20071088341,0.126018092036,2.20422792435
249,0.188409442475,3.15406632512,0.186595141888,3.1528031826
250,0.314015737458,4.76677720853,0.313579976559,4.77004289627
251,0.376818884949,5.42613265023,0.37727689743,5.43118190765
252,0.502425179932,6.45084353364,0.509973227978,6.45609903336
253,0.565228327424,6.81619897535,0.562907278538,6.81850767136
254,0.628031474915,7.08355441705,0.622373402119,7.07801151276
255,0.690834622407,7.25290985876,0.685368716717,7.25628185272
256,0.753637769898,7.32426530047,0.748449623585,7.32458496094
257,0.879244064881,7.17297618388,0.878924429417,7.17079544067
258,0.942047212373,6.95033162558,0.941119372845,6.94745492935
259,1.00485035986,6.62968706729,1.00369715691,6.62981176376
260,1.06765350736,6.21104250899,1.06653904915,6.21423864365
261,1.13045665485,5.6943979507,1.13455295563,5.69979143143
262,1.25606294983,4.36710883411,1.25781297684,4.35915660858
263,1.44447239231,1.64117515923,1.44183564186,1.64127326012
264,0.927183854567,0.325606593416,0.774484276772,0.514801561832
265,1.85436770913,0.553213186832,1.85855841637,0.553835988045
266,2.7815515637,0.682819780248,2.78114914894,0.678523540497
267,3.70873541827,0.714426373664,3.72072529793,0.716181516647
268,4.63591927283,0.64803296708,4.63992595673,0.644687771797
269,5.5631031274,0.483639560495,5.56049537659,0.480941355228
270,6.49028698197,0.221246153911,6.48684167862,0.239662304521
271,0.468877354187,0.663605824143,0.474332094193,0.669961869717
272,0.781462256979,0.616009706905,0.770910799503,0.600123226643
273,1.09404715977,0.176413589667,1.12363827229,0.166593745351
274,0.854814006507,3.50660624618,0.85102647543,3.50699687004
275,1.28222100976,5.11290936928,1.27603781223,5.11871242523
276,1.70962801301,6.62121249237,1.71870911121,6.61878633499
277,2.13703501627,8.03151561546,2.1375246048,8.03766059875
278,2.56444201952,9.34381873855,2.56513166428,9.3474445343
279,2.99184902277,10.5581218616,2.98540782928,10.5580997467
280,3.41925602603,11.6744249847,3.41589713097,11.6746520996
281,3.84666302928,12.6927281078,3.85024809837,12.6958799362
282,5.12888403904,15.1596374771,5.12977695465,15.1669025421
283,5.55629104229,15.7859406002,5.55515384674,15.7962350845
284,6.83851205205,17.0768499695,6.84881162643,17.0851860046
285,8.12073306181,17.4857593387,8.135181427,17.4963130951
286,8.54814006507,17.4260624618,8.56816387177,17.442111969
287,9.40295407157,17.012668708,9.41428279877,17.0225257874
288,9.83036107483,16.6589718311,9.83232498169,16.6759872437
289,10.2577680781,16.2072749542,10.2558450699,16.2197742462
290,10.6851750813,15.6575780773,10.6825637817,15.6645927429
291,11.1125820846,15.0098812004,11.1229343414,15.0196876526
292,11.5399890878,14.2641843235,11.5423526764,14.2846660614
293,11.9673960911,13.4204874466,11.9600830078,13.4392185211
294,12.8222100976,11.4390936928,12.8302507401,11.44921875
295,13.2496171009,10.3013968159,13.243680954,10.3242206573
296,14.1044311074,7.73200306203,14.1058692932,7.75996541977
297,14.5318381106,6.30030618513,14.5152683258,6.31165122986
298,14.9592451139,4.77060930822,14.9494581223,4.78812408447
299,15.3866521171,3.14291243131,15.3732280731,3.11693143845
300,15.8140591204,1.4172155544,15.8425731659,1.45713794231
301,2.77128129211,1.404,2.77104568481,1.40545749664
302,4.15692193817,1.959,4.15686750412,1.96037626266
303,5.54256258422,2.416,5.54216241837,2.42223000526
304,6.92820323028,2.775,6.93332576752,2.77949738503
305,11.0851251684,3.264,11.0955505371,3.27108311653
306,12.4707658145,3.231,12.4747085571,3.24778652191
307,13.8564064606,3.1,13.8638381958,3.11124587059
308,15.2420471066,2.871,15.244017601,2.88762235641
309,16.6276877527,2.544,16.623884201,2.55598473549
310,18.0133283987,2.119,18.0046024323,2.13249373436
311,22.1702503369,0.256,22.1788272858,0.274323195219
312,1.61803398875,0.979570504585,1.62001609802,0.978409588337
313,2.42705098312,1.32235575688,2.42882514,1.32223081589
314,4.85410196625,1.76271151375,4.84732437134,1.77970397472
315,5.66311896062,1.71349676605,5.64893054962,1.73096263409
316,6.472135955,1.56628201834,6.47301626205,1.59068107605
317,7.28115294937,1.32106727063,7.29261445999,1.32757103443
318,8.09016994375,0.977852522925,8.10708045959,0.981211841106
319,8.89918693812,0.536637775217,8.92407035828,0.53942501545
320,1.37887999761,0.961017697436,1.38355898857,0.963853299618
321,2.06831999642,1.29452654615,2.07704401016,1.30556416512
322,2.75775999523,1.53003539487,2.76557898521,1.5346544981
323,3.44719999404,1.66754424359,3.44274497032,1.67896723747
324,4.82607999165,1.64856194103,4.82188892365,1.67517518997
325,5.51551999046,1.49207078974,5.52754974365,1.50167477131
326,6.20495998926,1.23757963846,6.22072124481,1.24157977104
327,6.89439998807,0.885088487179,6.90510559082,0.884291350842
328,7.58383998688,0.434597335897,7.61274433136,0.430300474167
329,0.485410196625,0.156671151375,0.487667441368,0.162721410394
330,1.19795326507,0.461722534728,1.19420003891,0.461423158646
331,1.59727102009,0.419630046304,1.60330367088,0.415613412857
332,1.99658877512,0.27953755788,2.00630474091,0.274836152792
333,2.39590653014,0.0414450694561,2.39579796791,0.0355945415795
334,3.08580228253,1.65813706968,3.08137583733,1.66194760799
335,4.62870342379,2.34020560451,4.628718853,2.3465192318
336,9.25740684758,3.79841120903,9.28071022034,3.79714822769
337,10.8003079888,4.08847974387,10.8115339279,4.07876396179
338,12.3432091301,4.2805482787,12.3352136612,4.25666666031
339,15.4290114126,4.37068534838,15.442440033,4.37628698349
340,18.5148136952,4.06882241806,18.5333786011,4.08061075211
341,20.0577148364,3.7708909529,20.0686664581,3.79432463646
342,24.6864182602,2.28909655741,24.6776485443,2.31112289429
343,27.7722205427,0.811233627086,27.7954616547,0.825219154358
344,1.35237843757,2.70418491852,1.35397171974,2.70639467239
345,2.02856765636,3.90927737778,2.02624797821,3.91498875618
346,4.7333245315,7.74964721481,4.73739910126,7.74709367752
347,5.40951375028,8.46473967407,5.41401910782,8.45154762268
348,6.08570296907,9.08183213333,6.08926486969,9.09400272369
349,6.76189218785,9.60092459259,6.76282119751,9.61585044861
350,7.43808140664,10.0220170518,7.43377590179,10.0307788849
351,8.11427062542,10.3451095111,8.1187953949,10.3604269028
352,10.1428382818,10.7263868889,10.1504964828,10.7396450043
353,11.4952167193,10.4905718074,11.4873733521,10.5011415482
354,12.8475951569,9.86275672591,12.8442869186,9.88696193695
355,15.5523520321,7.43112656295,15.5696344376,7.45556735992
356,16.2285412508,6.57821902221,16.229341507,6.60912418365
357,16.9047304696,5.62731148147,16.9044113159,5.65531492233
358,17.5809196884,4.57840394072,17.5801353455,4.60327577591
359,18.2571089072,3.43149639998,18.2677192688,3.44291615486
360,18.933298126,2.18658885924,18.9383563995,2.21115851402
361,19.6094873448,0.843681318501,19.5980110168,0.851632595062
362,3.12596266707,2.79602910152,3.12664747238,2.79960608482
363,4.16795022275,3.53203880203,4.16923618317,3.53717160225
364,5.20993777844,4.17004850254,5.21730422974,4.1694278717
365,6.25192533413,4.71005820305,6.25225305557,4.71977806091
366,8.33590044551,5.49607760406,8.34434986115,5.51044225693
367,9.3778880012,5.74208730457,9.39870262146,5.76162004471
368,11.4618631126,5.94010670559,11.4746313095,5.94314241409
369,12.5038506683,5.8921164061,12.5123205185,5.91304588318
370,14.5878257796,5.50213580711,14.5949144363,5.53383731842
371,15.6298133353,5.16014550762,15.6306848526,5.16443824768
372,17.7137884467,4.18216490864,17.7158145905,4.18793296814
373,18.7557760024,3.54617460914,18.7454376221,3.56455302238
374,19.7977635581,2.81218430965,19.8022079468,2.83380866051
375,21.8817386695,1.05020371067,21.8743362427,1.07367920876
376,2.68374581743,1.54684491205,2.67723035812,1.55023193359
377,4.02561872614,2.17326736807,4.02836894989,2.1752808094
378,8.05123745228,3.46453473614,8.07304096222,3.46636962891
379,9.39311036099,3.69895719217,9.39330101013,3.69522666931
380,10.7349832697,3.83537964819,10.7296686172,3.8258934021
381,12.0768561784,3.87380210422,12.0776872635,3.86932253838
382,14.7606019958,3.65664701626,14.7640390396,3.67822241783
383,16.1024749046,3.40106947229,16.1030712128,3.42623138428
384,18.786220722,2.59591438434,18.7828578949,2.61208128929
385,22.8118394481,0.653181752409,22.8131446838,0.670027196407
386,0.899055824198,1.44124125096,0.880701959133,1.43438756466
387,1.12381978025,1.5565515637,1.11322104931,1.54517841339
388,1.3485837363,1.57386187644,1.36780714989,1.56526720524
389,1.57334769235,1.49317218918,1.59413158894,1.48308897018
390,1.7981116484,1.31448250192,1.82544863224,1.29355764389
391,2.02287560445,1.03779281466,2.07735109329,1.01398766041
392,2.2476395605,0.663103127401,2.29012584686,0.654843151569
393,2.03180186814,4.00262523795,2.02868437767,4.0122590065
394,3.55565326925,5.97559416642,3.5638153553,5.96897220612
395,4.06360373629,6.43725047591,4.075548172,6.42803668976
396,4.57155420332,6.80090678539,4.57582855225,6.81341934204
397,5.5874551374,7.23421940437,5.56745052338,7.25362491608
398,6.60335607147,7.27553202335,6.60285806656,7.2875123024
399,7.1113065385,7.14918833283,7.106777668,7.16452074051
400,7.61925700554,6.92484464232,7.60211277008,6.93620586395
401,8.12720747258,6.60250095181,8.1168756485,6.61817932129
402,8.63515793961,6.1821572613,8.62152671814,6.19748830795
403,9.14310840665,5.66381357079,9.1322851181,5.67051267624
404,9.65105887369,5.04746988028,9.64007663727,5.06897544861
405,11.1749102748,2.61043880874,11.1629209518,2.6036491394
406,11.6828607418,1.60209511823,11.6805143356,1.6054662466
407,12.1908112089,0.495751427716,12.1780052185,0.512800931931
408,2.51662332964,1.03143921101,2.52097034454,1.03495037556
409,6.29155832409,1.84359802752,6.30041694641,1.84348273277
410,7.54986998891,1.91831763303,7.54177808762,1.92503559589
411,10.0664933186,1.77375684404,10.0600738525,1.77252745628
412,11.3248049834,1.55447644954,11.3300266266,1.56436121464
413,13.841428313,0.821915660552,13.8497600555,0.832521319389
414,15.0997399778,0.308635266057,15.1001157761,0.325514912605
415,0.724693326287,2.50859231361,0.728355765343,2.51343393326
416,1.08703998943,3.61588847041,1.08887898922,3.6157438755
417,1.44938665257,4.62518462722,1.44745075703,4.62386035919
418,1.81173331572,5.53648078402,1.82166039944,5.54424667358
419,2.17407997886,6.34977694083,2.17046141624,6.35405015945
420,2.536426642,7.06507309763,2.54191732407,7.07193946838
421,3.62346663144,8.62296156805,3.64320993423,8.63657093048
422,3.98581329458,8.94625772485,3.99098324776,8.95632457733
423,4.34815995772,9.17155388166,4.35521554947,9.17903709412
424,5.07285328401,9.32814619527,5.06017112732,9.34249019623
425,6.52223993658,8.46533082248,6.51871156693,8.47813510895
426,7.60927992601,6.7892192929,7.60065221786,6.79970502853
427,7.97162658916,6.0345154497,7.95385599136,6.06516313553
428,8.3339732523,5.18181160651,8.32539653778,5.19166660309
429,8.69631991544,4.23110776331,8.68877887726,4.24780321121
430,9.05866657859,3.18240392012,9.0533914566,3.17670154572
431,9.42101324173,2.03570007692,9.41426372528,2.03999567032
432,9.78335990488,0.790996233727,9.78399658203,0.779339015484
433,0.219008251056,1.18676367683,0.218714043498,1.19109082222
434,0.328512376584,1.63314551525,0.326156258583,1.63708972931
435,0.438016502113,1.98152735367,0.443164288998,1.98413968086
436,0.766528878697,2.43867286892,0.787769973278,2.46174478531
437,0.985537129753,2.25343654575,0.983517587185,2.26268148422
438,1.09504125528,2.01381838417,1.10046505928,2.03138208389
439,1.42355363187,0.706963899416,1.43873596191,0.680569648743
440,1.53305775739,0.0753457378324,1.55728411674,0.0827132463455
441,3.15242510553,1.07766241761,3.15347909927,1.08351922035
442,4.72863765829,1.46949362642,4.73204421997,1.46925997734
443,7.88106276382,1.95915604404,7.86991834641,1.96068024635
444,9.45727531658,2.05698725284,9.4618062973,2.07110500336
445,12.6097004221,1.95864967046,12.6179132462,1.95824325085
446,14.1859129749,1.76248087926,14.1978349686,1.77174270153
447,18.9145506332,0.585974505685,18.9204654694,0.580303609371
448,1.21352549156,0.440677878439,1.20891141891,0.441881716251
449,1.61803398875,0.391570504585,1.62172985077,0.388350397348
450,2.02254248594,0.244463130731,2.03385472298,0.236040279269
451,3.10605455598,1.18690458646,3.10635614395,1.19167172909
452,4.65908183398,1.63335687969,4.65865278244,1.63866782188
453,6.21210911197,1.98180917292,6.20263814926,1.99396634102
454,9.31816366795,2.38471375937,9.31587505341,2.39026117325
455,10.8711909459,2.4391660526,10.8742647171,2.44050073624
456,15.5302727799,2.01452293229,15.5400524139,2.01731109619
457,17.0833000579,1.67697522552,17.0891475677,1.69636166096
458,18.6363273359,1.24142751875,18.6429595947,1.24472641945
459,20.1893546139,0.707879811975,20.1962242126,0.702500462532
460,1.33147912281,0.236623792125,1.3270689249,0.239538297057
461,5.94741400855,2.51270541768,5.94827508926,2.51781153679
462,8.92112101282,3.18105812651,8.93113708496,3.19584727287
463,13.3816815192,3.44858718977,13.3845539093,3.46207952499
464,14.8685350214,3.34176354419,14.8781967163,3.34806466103
465,16.3553885235,3.13693989861,16.3631820679,3.14606237411
466,19.3290955278,2.43329260744,19.3242702484,2.43874073029
467,20.8159490299,1.93446896186,20.8098430634,1.96114659309
468,22.3028025321,1.33764531628,22.3069210052,1.35899341106
469,23.7896560342,0.6428216707,23.8026351929,0.658868789673
470,1.23127251597,2.94189343483,1.23364877701,2.94395375252
471,1.64169668796,3.72652457977,1.63981723785,3.72492861748
472,2.46254503194,5.00178686966,2.46836280823,4.9997086525
473,2.87296920394,5.4924180146,2.87652516365,5.49476289749
474,3.28339337593,5.88504915954,3.2860057354,5.88677787781
475,4.92509006389,6.47557373932,4.92045164108,6.49872541428
476,5.33551423588,6.37820488426,5.32507038116,6.38011455536
477,5.74593840787,6.1828360292,5.74591732025,6.19154787064
478,6.56678675185,5.49809831909,6.54541349411,5.5211057663
479,6.97721092384,5.00872946403,6.9743847847,5.01491975784
480,7.79805926783,3.73599175392,7.79033088684,3.74754571915
481,8.20848343982,2.95262289886,8.21316623688,2.95332980156
482,8.61890761181,2.0712540438,8.62069320679,2.0753903389
483,2.22290678547,2.10588736108,2.21348214149,2.10495352745
484,3.3343601782,3.01183104163,3.33557057381,3.01651406288
485,4.44581357094,3.81977472217,4.44797563553,3.82683253288
486,5.55726696367,4.52971840271,5.56792449951,4.52707195282
487,7.78017374914,5.65560576379,7.77874708176,5.67625141144
488,13.3374407128,6.7553241665,13.3483047485,6.76587247849
489,14.4488941055,6.68126784704,14.4564685822,6.71145200729
490,15.5603474983,6.50921152759,15.5745687485,6.53246641159
491,16.671800891,6.23915520813,16.6807365417,6.26598739624
492,18.8947076765,5.40504256921,18.8967990875,5.42643547058
493,20.0061610692,4.84098624975,20.0114479065,4.84700775146
494,21.117614462,4.17892993029,21.1132850647,4.19725704193
495,23.3405212474,2.56081729138,23.341337204,2.59157013893
496,24.4519746402,1.60476097192,24.4511299133,1.63054597378
497,25.5634280329,0.550704652462,25.5574169159,0.579612016678
498,0.166329352654,0.586518080587,0.165440961719,0.586408138275
499,0.58215273429,0.337813282055,0.621372759342,0.289943397045
500,1.05209075229,1.96110571112,1.04829692841,1.96692752838
501,1.57813612844,2.79465856668,1.57365071774,2.79630494118
502,2.10418150459,3.53021142224,2.10504984856,3.53091549873
503,2.63022688073,4.1677642778,2.63672399521,4.18906545639
504,3.15627225688,4.70731713335,3.13886547089,4.72124576569
505,3.68231763303,5.14886998891,3.67434716225,5.15853309631
506,4.20836300918,5.49242284447,4.19804811478,5.51574516296
507,5.26045376147,5.88552855559,5.26460361481,5.89815187454
508,6.31254451376,5.88663426671,6.29628038406,5.90524864197
509,7.36463526606,5.49573997783,7.341776371,5.50487947464
510,8.9427713945,4.1743985445,8.93143177032,4.1910161972
511,9.46881677064,3.53795140006,9.44797515869,3.54929757118
512,9.99486214679,2.80350425562,9.9814157486,2.81292963028
513,10.5209075229,1.97105711118,10.4953603745,1.95909845829
514,11.0469528991,1.04060996674,11.0326042175,1.04564619064
515,11.5729982752,0.012162822298,11.5570058823,0.0
516,0.615661475326,0.592010753607,0.615046739578,0.586469054222
517,1.53915368831,0.745026884017,1.51538360119,0.755270004272
518,1.84698442598,0.60003226082,1.83881390095,0.59157627821
519,2.15481516364,0.357037637624,2.17168974876,0.343654423952
520,3.08081540744,0.741614233499,3.08009552956,0.739448368549
521,4.10775387659,0.792818977999,4.11897039413,0.794563233852
522,8.21550775318,0.0176379559986,8.21940231323,0.027282256633
523,0.249494028981,0.977777120881,0.247288927436,0.978918373585
524,0.498988057963,1.56355424176,0.49209934473,1.56445729733
525,0.623735072453,1.7094428022,0.606607437134,1.70459139347
526,0.873229101435,1.70721992308,0.887575745583,1.70779085159
527,0.997976115925,1.55910848352,1.01086127758,1.5608932972
528,1.3722171594,0.526774164843,1.40431666374,0.50744831562
529,1.01590093407,2.19731261898,1.01851594448,2.19738888741
530,2.03180186814,4.00262523795,2.02868437767,4.0122590065
531,2.53975233518,4.75828154744,2.55843758583,4.74451398849
532,3.04770280222,5.41593785693,3.05393433571,5.41313266754
533,4.06360373629,6.43725047591,4.075548172,6.42803668976
534,5.07950467036,7.06656309488,5.07564544678,7.08581209183
535,6.09540560443,7.30387571386,6.09258460999,7.32532596588
536,6.60335607147,7.27553202335,6.60285806656,7.2875123024
537,7.1113065385,7.14918833283,7.106777668,7.16452074051
538,7.61925700554,6.92484464232,7.60211277008,6.93620586395
539,8.12720747258,6.60250095181,8.1168756485,6.61817932129
540,9.14310840665,5.66381357079,9.1322851181,5.67051267624
541,9.65105887369,5.04746988028,9.64007663727,5.06897544861
542,10.1590093407,4.33312618976,10.1624412537,4.34831571579
543,10.6669598078,3.52078249925,10.6641168594,3.54795193672
544,0.263022688073,0.0982764277795,0.26792037487,0.104280993342
545,1.43078201343,1.84872985962,1.43545794487,1.85486626625
546,2.38463668905,2.5912164327,2.39878249168,2.5818593502
547,2.86156402686,2.81545971924,2.8667113781,2.82393455505
548,3.33849136467,2.94170300579,3.33532047272,2.9422750473
549,4.29234604029,2.90018957887,4.29512691498,2.90968251228
550,5.24620071591,2.46667615195,5.25262832642,2.44825410843
551,5.72312805372,2.10291943849,5.72925949097,2.0875082016
552,6.20005539153,1.64116272503,6.21962118149,1.64858961105
553,6.67698272934,1.08140601157,6.68862199783,1.06652009487
554,3.67394039744e-17,0.404,0.0,0.40903404355
555,5.51091059616e-17,0.459,0.0,0.461192429066
556,7.34788079488e-17,0.416,0.00307162851095,0.420033484697
557,9.18485099361e-17,0.275,0.0,0.269588708878
558,1.10218211923e-16,0.036,0.0,0.0410893894732
559,0.0,0.0,0.0,0.0
560,0.771345131624,0.870253331743,0.768209576607,0.513400971889
561,1.54269026325,1.64250666349,1.54585468769,1.64838182926
562,3.85672565812,3.37126665871,3.85367894173,3.381254673
563,4.62807078974,3.75151999046,4.63576841354,3.74769210815
564,5.39941592137,4.0337733222,5.41120052338,4.03320550919
565,7.71345131624,4.29253331743,7.72047758102,4.29471302032
566,8.48479644786,4.18278664917,8.48075962067,4.19669532776
567,9.25614157949,3.97503998091,9.2597026825,3.98677229881
568,10.0274867111,3.66929331266,10.0391330719,3.69139623642
569,10.7988318427,3.2655466444,10.807182312,3.26162004471
570,11.5701769744,2.76379997614,11.5698595047,2.7674741745
571,12.341522106,2.16405330788,12.3397197723,2.17743754387
572,2.81907786236,0.830060429977,2.82187581062,0.828919053078
573,4.22861679354,1.09809064497,4.2301030159,1.10173785686
574,5.63815572472,1.26812085995,5.64451980591,1.28245341778
575,7.04769465589,1.34015107494,7.05178976059,1.33467590809
576,8.45723358707,1.31418128993,8.45308017731,1.3285214901
577,9.86677251825,1.19021150492,9.86762046814,1.20060360432
578,11.2763114494,0.968241719908,11.2857494354,0.973292529583
579,14.0953893118,0.230302149885,14.1063776016,0.235646620393
580,0.719339800339,0.498658370459,0.719551086426,0.505941689014
581,1.07900970051,0.600987555688,1.08478868008,0.598251521587
582,1.79834950085,0.511645926147,1.78649842739,0.521580398083
583,2.15801940102,0.319975111377,2.16929721832,0.314979255199
584,0.104528463268,0.798521895368,0.104647234082,0.798832416534
585,0.261321158169,1.26130473842,0.248345062137,1.2617149353
586,0.313585389803,1.2195656861,0.302125453949,1.22860336304
587,0.365849621437,1.07982663379,0.369122684002,1.07326555252
588,0.522642316338,0.0726094768414,0.55395680666,0.0753331333399
589,5.94741400855,2.51270541768,5.94827508926,2.51781153679
590,7.43426751068,2.89588177209,7.44556999207,2.89715266228
591,8.92112101282,3.18105812651,8.93113708496,3.19584727287
592,11.8948280171,3.45741083535,11.9052276611,3.46367120743
593,14.8685350214,3.34176354419,14.8781967163,3.34806466103
594,16.3553885235,3.13693989861,16.3631820679,3.14606237411
595,17.8422420256,2.83411625303,17.8445491791,2.83925390244
596,19.3290955278,2.43329260744,19.3242702484,2.43874073029
597,20.8159490299,1.93446896186,20.8098430634,1.96114659309
598,22.3028025321,1.33764531628,22.3069210052,1.35899341106
599,0.615636257986,1.49544671741,0.619360983372,1.49823963642
600,0.923454386979,2.09617007612,0.922820031643,2.104367733
601,1.23127251597,2.59889343483,1.22060751915,2.59899115562
602,1.53909064497,3.00361679354,1.5524430275,2.9990696907
603,2.15472690295,3.51906351095,2.15250563622,3.52034521103
604,2.77036316094,3.64251022837,2.77551054955,3.65887451172
605,3.07818128993,3.55723358707,3.0795147419,3.55382514
606,3.38599941892,3.37395694578,3.39666795731,3.37171339989
607,3.69381754792,3.09268030449,3.69991660118,3.09593439102
608,4.3094538059,2.2361270219,4.32851648331,2.2407541275
609,4.6172719349,1.66085038061,4.62068843842,1.64981842041
610,4.92509006389,0.987573739317,4.94581079483,0.984822571278
611,0.543784672222,0.0575709570444,0.523859322071,0.0636165738106
612,0.267652242544,0.101257930191,0.273724555969,0.105084642768
613,0.401478363815,0.00488689528644,0.403007745743,0.0105353631079
614,4.09558072907,3.03519081635,4.09830188751,3.03353238106
615,5.11947591133,3.54898852044,5.12584733963,3.55054664612
616,6.1433710936,3.96478622452,6.14233827591,3.97556614876
617,7.16726627587,4.28258392861,7.16593408585,4.28730964661
618,9.2150566404,4.62417933679,9.21518707275,4.6219124794
619,10.2389518227,4.64797704087,10.2360801697,4.67167234421
620,11.2628470049,4.57377474496,11.2695579529,4.60065126419
621,13.3106373695,4.13137015314,13.3066101074,4.13299608231
622,15.358427734,3.29696556131,15.3527393341,3.30359053612
623,16.3823229163,2.7327632654,16.3762493134,2.74911665916
624,17.4062180985,2.07056096949,17.4092121124,2.09131979942
625,18.4301132808,1.31035867357,18.431684494,1.31738102436
626,1.15701769744,1.18287999761,1.16092550755,1.18242776394
627,1.73552654615,1.62731999642,1.73093509674,1.62807071209
628,2.31403539487,1.97375999523,2.3065392971,1.97513604164
629,2.89254424359,2.22219999404,2.88424324989,2.23374009132
630,4.04956194103,2.42507999165,4.06384801865,2.43193387985
631,5.20657963846,2.23595998926,5.21372747421,2.23961567879
632,5.78508848718,1.99439998807,5.8028383255,2.01005291939
633,6.3635973359,1.65483998688,6.37906837463,1.65266859531
634,6.94210618461,1.21727998568,6.94903898239,1.21110677719
635,8.09912388205,0.0481599832991,8.11464977264,0.0658742487431
636,2.01369320409,3.02658276539,2.016456604,3.02754664421
637,3.02053980613,4.39287414809,3.02084851265,4.39193534851
638,4.02738640817,5.66116553079,4.03181123734,5.66368436813
639,5.03423301022,6.83145691349,5.03323364258,6.83178520203
640,8.05477281634,9.75433106158,8.05520248413,9.75045204163
641,9.06161941839,10.5326224443,9.06367111206,10.5317268372
642,10.0684660204,11.212913827,10.0733060837,11.2178030014
643,11.0753126225,11.7952052097,11.0775194168,11.8134536743
644,12.0821592245,12.2794965924,12.0785207748,12.2866888046
645,13.0890058266,12.6657879751,13.0904340744,12.6667890549
646,14.0958524286,12.9540793578,14.1001834869,12.9610929489
647,15.1026990306,13.1443707405,15.1120529175,13.1545734406
648,16.1095456327,13.2366621232,16.1116962433,13.2541704178
649,18.1232388368,13.1272448885,18.1269035339,13.1453113556
650,19.1300854388,12.9255362712,19.1392478943,12.9430198669
651,20.1369320409,12.6258276539,20.1403408051,12.6303672791
652,21.1437786429,12.2281190366,21.1335411072,12.2257976532
653,22.1506252449,11.7324104193,22.1681690216,11.7729377747
654,23.157471847,11.138701802,23.153963089,11.1313524246
655,24.164318449,10.4469931847,24.1686916351,10.4578609467
656,25.1711650511,9.65728456743,25.1724395752,9.67913150787
657,26.1780116531,8.76957595013,26.1930103302,8.79741764069
658,28.1917048572,6.70015871552,28.2060127258,6.70772314072
659,29.1985514592,5.51845009822,29.2245292664,5.53212547302
660,30.2053980613,4.23874148092,30.215057373,4.24502372742
661,31.2122446633,2.86103286361,31.2356109619,2.88896894455
662,32.2190912654,1.38532424631,32.2564659119,1.40080201626
663,0.982982453147,0.247291723621,0.982425332069,0.255889445543
664,1.31064327086,0.133722298162,1.31911730766,0.142225444317
665,2.94894735944,1.62387517086,2.94965600967,1.6244995594
666,3.93192981259,1.96916689449,3.93660950661,1.96260666847
667,4.91491226573,2.21645861811,4.89995718002,2.22172880173
668,5.89789471888,2.36575034173,5.90418195724,2.37256860733
669,6.88087717203,2.41704206535,6.87247276306,2.42849183083
670,7.86385962517,2.37033378897,7.86596107483,2.3775639534
671,8.84684207832,2.22562551259,8.85060787201,2.25439882278
672,9.82982453147,1.98291723621,9.82743740082,2.00241041183
673,11.7957894378,1.20350068346,11.8027353287,1.20705676079
674,13.7617543441,0.0320841306976,13.7687129974,0.0663660019636
675,3.06017521908,0.739589455113,3.05671596527,0.74049949646
676,4.59026282862,0.962384182669,4.58683633804,0.966978013515
677,6.12035043816,1.08717891023,6.10485982895,1.07771778107
678,12.2407008763,0.606357820451,12.2571268082,0.602494955063
679,0.0,0.0,0.001674503088,0.0
680,1.34819106945,0.608556720184,1.35092651844,0.62592369318
681,4.04457320835,1.53167016055,4.04105329514,1.5368386507
682,5.3927642778,1.84622688073,5.39917993546,1.85135114193
683,6.74095534724,2.06278360092,6.7541642189,2.06195521355
684,8.08914641669,2.1813403211,8.07928657532,2.18030500412
685,9.43733748614,2.20189704129,9.43182086945,2.21146845818
686,10.7855285556,2.12445376147,10.7821655273,2.11422657967
687,12.133719625,1.94901048165,12.1484899521,1.94744980335
688,13.4819106945,1.67556720184,13.4911851883,1.68915200233
689,16.1782928334,0.834680642203,16.1890983582,0.839192569256
690,17.5264839028,0.267237362387,17.5270614624,0.291284263134
691,0.466287576874,0.18159223463,0.470191001892,0.183704093099
692,0.699431365311,0.125388351945,0.699817061424,0.127300709486
693,0.0,0.0,0.0,0.0
694,0.606217782649,0.301,0.774484276772,0.514801561832
695,1.2124355653,0.504,1.2045930624,0.506698012352
696,1.81865334795,0.609,1.81280934811,0.617031097412
697,3.03108891325,0.525,3.02974390984,0.530048131943
698,2.95315465354,2.19541748599,2.94783949852,2.19588971138
699,4.4297319803,3.14612622898,4.42118740082,3.14500713348
700,7.38288663384,4.75354371497,7.38442468643,4.74570083618
701,8.85946396061,5.41025245797,8.8634519577,5.41530132294
702,11.8126186141,6.42966994396,11.7997264862,6.40728902817
703,13.2891959409,6.79237868695,13.2845983505,6.78419923782
704,19.195505248,7.26321365893,19.2117652893,7.25294303894
705,20.6720825748,7.13592240193,20.6792945862,7.1290640831
706,22.1486599015,6.91063114492,22.164068222,6.92306041718
707,23.6252372283,6.58733988792,23.6212921143,6.60434150696
708,25.1018145551,6.16604863091,25.1069011688,6.17546796799
709,28.0549692086,5.0294661169,28.1056194305,5.03073215485
710,31.0081238621,3.50088360289,31.0388298035,3.51508283615
711,32.4847011889,2.58959234588,32.4973373413,2.62791323662
712,33.9612785157,1.58030108888,33.9703674316,1.60521745682
713,0.0069798993405,0.00387816540382,0.0,0.0156049951911
714,1.17557050458,1.42203398875,1.17341899872,1.42465865612
715,1.76335575688,1.98605098312,1.76856386662,1.98516654968
716,2.35114100917,2.4520679775,2.34402537346,2.45681166649
717,2.93892626146,2.82008497187,2.94344520569,2.82524847984
718,4.11449676605,3.26211896062,4.13023328781,3.24513864517
719,4.70228201834,3.336135955,4.71346664429,3.33569908142
720,5.87785252292,3.19016994375,5.87316656113,3.19080376625
721,6.46563777522,2.97018693812,6.47025728226,2.96956658363
722,8.22899353209,1.72223792125,8.23554801941,1.71155905724
723,9.40456403668,0.400271909999,9.40493965149,0.402741491795
724,0.529919264233,0.652048096156,0.52776992321,0.65464669466
725,1.05983852847,0.912096192313,1.05160939693,0.909265816212
726,1.32479816058,0.895120240391,1.3145442009,0.899776995182
727,2.11967705693,0.256192384626,2.14558267593,0.239176973701
728,0.435711228012,0.474936454356,0.440036952496,0.47406411171
729,0.871422456024,0.557872908713,0.87281525135,0.558417677879
730,1.30713368404,0.248809363069,1.30635654926,0.233963564038
731,0.927183854567,0.178606593416,0.925764977932,0.182368189096
732,1.39077578185,0.120909890124,1.39152705669,0.126021027565
733,2.41346721534,1.80959458821,2.4067966938,1.80910170078
734,4.82693443069,2.73718917641,4.80909109116,2.73967027664
735,5.63142350247,2.85038737248,5.63294744492,2.84495639801
736,6.43591257425,2.86558556855,6.43330383301,2.87831306458
737,8.04489071781,2.60198196069,8.04103469849,2.62194132805
738,9.65386886137,1.94637835282,9.64323043823,1.94892287254
739,11.2628470049,0.898774744962,11.2689437866,0.899870276451
740,12.0673360767,0.227972941031,12.0810317993,0.243987336755
741,1.47758754078,1.69522580866,1.4800132513,1.69865214825
742,2.21638131117,2.39583871298,2.21270251274,2.39692616463
743,2.95517508156,2.99845161731,2.95186543465,3.00218153
744,3.69396885195,3.50306452164,3.69759845734,3.50523209572
745,5.91035016313,4.42890323462,5.92545509338,4.42203855515
746,6.64914393352,4.54151613895,6.65932035446,4.5589017868
747,7.38793770391,4.55612904328,7.38625431061,4.57587099075
748,8.1267314743,4.47274194761,8.1168012619,4.48500394821
749,9.60431901508,4.01196775626,9.6019487381,4.0171456337
750,11.0819065559,3.15919356492,11.0848636627,3.15669608116
751,11.8207003263,2.58580646925,11.8195095062,2.59562277794
752,12.5594940966,1.91441937358,12.5510292053,1.93946409225
753,13.298287867,1.14503227791,13.2874183655,1.17063856125
754,14.0370816374,0.277645182233,14.0365009308,0.266396462917
755,2.02057949979,1.44023301673,2.02381944656,1.44379174709
756,3.03086924968,2.01334952509,3.03065538406,2.02045631409
757,4.04115899958,2.48846603346,4.04154872894,2.48905134201
758,5.05144874947,2.86558254182,5.05214834213,2.86830878258
759,6.06173849936,3.14469905019,6.04988622665,3.15140938759
760,7.07202824926,3.32581555855,7.07159948349,3.33797454834
761,8.08231799915,3.40893206692,8.08523178101,3.40997290611
762,10.1028974989,3.28116508365,10.0729503632,3.28945708275
763,12.1234769987,2.76139810038,12.1099586487,2.77806186676
764,13.1337667486,2.35451460874,13.1260356903,2.37407231331
765,14.1440564985,1.84963111711,14.1431541443,1.86586582661
766,15.1543462484,1.24674762547,15.1536512375,1.24964344501
767,16.1646359983,0.545864133837,16.176776886,0.548358857632
768,1.58930566715,0.649048813015,1.59002637863,0.652923941612
769,3.97326416787,0.887622032537,3.97576975822,0.895094513893
770,4.76791700144,0.771146439044,4.75723361969,0.786876380444
771,5.56256983501,0.556670845551,5.55170297623,0.560899376869
772,6.35722266858,0.244195252058,6.35291481018,0.247109755874
773,0.957656401312,2.4351393382,0.954530239105,2.43960881233
774,1.91531280262,4.4782786764,1.91650772095,4.47828292847
775,2.39414100328,5.3528483455,2.39271569252,5.35726499557
776,2.87296920394,6.1294180146,2.87153792381,6.1291975975
777,3.83062560525,7.3885573528,3.8342165947,7.3916683197
778,4.3094538059,7.8711270219,4.31157112122,7.8726143837
779,5.74593840787,8.7308360292,5.74211406708,8.74739265442
780,6.22476660853,8.8214056983,6.21991300583,8.84056186676
781,7.18242300984,8.7085450365,7.1745262146,8.71597862244
782,7.66125121049,8.5051147056,7.66363286972,8.51545619965
783,8.61890761181,7.8042540438,8.61278915405,7.80924892426
784,9.09773581246,7.30682371291,9.09370994568,7.31987857819
785,9.57656401312,6.71139338201,9.56922340393,6.7353758812
786,11.0130486151,4.33710238931,11.014456749,4.34371042252
787,11.4918768157,3.34967205841,11.4971895218,3.37154054642
788,12.4495332171,1.08081139661,12.4545602798,1.09789514542
789,0.457405719799,1.95592472161,0.456330001354,1.96111893654
790,0.686108579699,2.78688708242,0.684542000294,2.78464961052
791,0.914811439598,3.51984944323,0.918997943401,3.52335143089
792,1.3722171594,4.69177416484,1.38125240803,4.6992316246
793,1.6009200193,5.13073652565,1.60112059116,5.1437959671
794,1.8296228792,5.47169888646,1.82853412628,5.4852938652
795,2.0583257391,5.71466124726,2.06032013893,5.72788953781
796,2.287028599,5.85962360807,2.28751158714,5.8657784462
797,2.51573145889,5.90658596888,2.51380109787,5.91173887253
798,2.74443431879,5.85554832969,2.73119807243,5.85085964203
799,2.97313717869,5.70651069049,2.96216821671,5.71271896362
800,3.20184003859,5.4594730513,3.1872985363,5.45118904114
801,3.43054289849,5.11443541211,3.43164968491,5.12390327454
802,3.65924575839,4.67139777291,3.67899513245,4.72073554993
803,3.88794861829,4.13036013372,3.87842750549,4.13711738586
804,4.11665147819,3.49132249453,4.08677148819,3.481133461
805,4.34535433809,2.75428485534,4.32414388657,2.75733709335
806,4.57405719799,1.91924721614,4.57602930069,1.92445850372
807,1.18726733462,0.545886969926,1.18582034111,0.549327671528
808,1.78090100193,0.67183045489,1.77384865284,0.676137804985
809,3.56180200386,0.461660909779,3.55877614021,0.463792920113
810,4.15543567117,0.195604394743,4.15181303024,0.186999186873
811,0.0,0.0,0.0,0.0
812,1.50941916045,1.11611805798,1.51512503624,1.12106919289
813,3.01883832089,1.84023611596,3.02302980423,1.84481954575
814,3.77354790111,2.05529514495,3.77371835709,2.06470417976
815,5.28296706156,2.19141320293,5.29455852509,2.19330573082
816,6.03767664178,2.11247223192,6.04629611969,2.14475941658
817,6.792386222,1.93553126091,6.7944355011,1.943354249
818,7.54709580223,1.66059028991,7.55100345612,1.66710412502
819,8.30180538245,1.2876493189,8.30072498322,1.29547190666
820,9.05651496267,0.816708347886,9.06695270538,0.817082047462
821,9.8112245429,0.247767376877,9.83368492126,0.253345578909
822,0.130227261783,0.18220743024,0.130124896765,0.184160768986
823,1.72072930905,2.26145613287,1.71959090233,2.26008176804
824,2.58109396358,3.2451841993,2.57745242119,3.26182389259
825,3.44145861811,4.13091226573,3.43970108032,4.13185787201
826,5.16218792716,5.6083683986,5.1663479805,5.6006193161
827,6.02255258169,6.20009646503,6.01896762848,6.2232260704
828,7.74328189074,7.0895525979,7.74860239029,7.09682846069
829,8.60364654527,7.38728066433,8.59491729736,7.39547395706
830,9.46401119979,7.58700873077,9.44470214844,7.59532546997
831,10.3243758543,7.6887367972,10.2999601364,7.68949556351
832,11.1847405088,7.69246486364,11.1645259857,7.71887969971
833,12.0451051634,7.59819293007,12.0206604004,7.61896800995
834,14.626199127,6.72737712937,14.5905828476,6.74518442154
835,16.346928436,5.65683326224,16.3274326324,5.6748509407
836,17.2072930905,4.97456132867,17.1940994263,4.99317979813
837,18.0676577451,4.1942893951,18.0606060028,4.22134208679
838,18.9280223996,3.31601746154,18.9180030823,3.34908509254
839,20.6487517086,1.2654735944,20.6253681183,1.26139891148
840,2.88336352693,1.60572549839,2.87841248512,1.6082419157
841,4.3250452904,2.26158824759,4.32708930969,2.26554775238
842,5.76672705386,2.81945099679,5.76197099686,2.81229996681
843,14.4168176347,4.10862749196,14.4273443222,4.11867618561
844,15.8584993981,3.98049024116,15.8685817719,3.99608778954
845,17.3001811616,3.75435299036,17.310043335,3.77240180969
846,18.7418629251,3.43021573955,18.7432880402,3.46204733849
847,24.5085899789,1.15366673634,24.5178031921,1.16955077648
