0 , 0.0 , 0.0
1 , 0.543784672222 , 0.204570957044
2 , 1.08756934444 , 0.311141914089
3 , 1.63135401667 , 0.319712871133
4 , 2.17513868889 , 0.230283828178
5 , 2.71892336111 , 0.0428547852221
0 , 0.0 , 0.0
1 , 0.503273613124 , 0.6971338153
2 , 1.00654722625 , 1.2962676306
3 , 1.50982083937 , 1.7974014459
4 , 2.01309445249 , 2.2005352612
5 , 2.51636806562 , 2.5056690765
6 , 3.01964167874 , 2.7128028918
7 , 3.52291529187 , 2.8219367071
8 , 4.02618890499 , 2.8330705224
9 , 4.52946251811 , 2.7462043377
10 , 5.03273613124 , 2.561338153
11 , 5.53600974436 , 2.27847196829
12 , 6.03928335748 , 1.89760578359
13 , 6.54255697061 , 1.41873959889
14 , 7.04583058373 , 0.841873414194
15 , 7.54910419686 , 0.167007229493
0 , 0.0 , 0.0
1 , 0.479181306028 , 0.312089013891
2 , 0.958362612057 , 0.526178027782
3 , 1.43754391809 , 0.642267041674
4 , 1.91672522411 , 0.660356055565
5 , 2.39590653014 , 0.580445069456
6 , 2.87508783617 , 0.402534083347
7 , 3.3542691422 , 0.126623097239
0 , 0.0 , 0.0
1 , 1.13277670389 , 1.34986273062
2 , 2.26555340778 , 2.60172546125
3 , 3.39833011167 , 3.75558819187
4 , 4.53110681556 , 4.81145092249
5 , 5.66388351945 , 5.76931365311
6 , 6.79666022334 , 6.62917638374
7 , 7.92943692723 , 7.39103911436
8 , 9.06221363112 , 8.05490184498
9 , 10.194990335 , 8.6207645756
10 , 11.3277670389 , 9.08862730623
11 , 12.4605437428 , 9.45849003685
12 , 13.5933204467 , 9.73035276747
13 , 14.7260971506 , 9.90421549809
14 , 15.8588738545 , 9.98007822872
15 , 16.9916505583 , 9.95794095934
16 , 18.1244272622 , 9.83780368996
17 , 19.2572039661 , 9.61966642058
18 , 20.38998067 , 9.30352915121
19 , 21.5227573739 , 8.88939188183
20 , 22.6555340778 , 8.37725461245
21 , 23.7883107817 , 7.76711734307
22 , 24.9210874856 , 7.0589800737
23 , 26.0538641895 , 6.25284280432
24 , 27.1866408934 , 5.34870553494
25 , 28.3194175972 , 4.34656826556
26 , 29.4521943011 , 3.24643099619
27 , 30.584971005 , 2.04829372681
28 , 31.7177477089 , 0.752156457431
0 , 0.0 , 0.0
1 , 0.76412082798 , 1.00272209269
2 , 1.52824165596 , 1.90744418537
3 , 2.29236248394 , 2.71416627806
4 , 3.05648331192 , 3.42288837075
5 , 3.8206041399 , 4.03361046344
6 , 4.58472496788 , 4.54633255612
7 , 5.34884579586 , 4.96105464881
8 , 6.11296662384 , 5.2777767415
9 , 6.87708745182 , 5.49649883419
10 , 7.6412082798 , 5.61722092687
11 , 8.40532910778 , 5.63994301956
12 , 9.16944993576 , 5.56466511225
13 , 9.93357076374 , 5.39138720494
14 , 10.6976915917 , 5.12010929762
15 , 11.4618124197 , 4.75083139031
16 , 12.2259332477 , 4.283553483
17 , 12.9900540757 , 3.71827557569
18 , 13.7541749036 , 3.05499766837
19 , 14.5182957316 , 2.29371976106
20 , 15.2824165596 , 1.43444185375
21 , 16.0465373876 , 0.477163946436
0 , 0.0 , 0.0
1 , 0.822190911878 , 0.317062978768
2 , 1.64438182376 , 0.536125957536
3 , 2.46657273564 , 0.657188936305
4 , 3.28876364751 , 0.680251915073
5 , 4.11095455939 , 0.605314893841
6 , 4.93314547127 , 0.432377872609
7 , 5.75533638315 , 0.161440851378
0 , 0.0 , 0.0
1 , 1.22567110899 , 0.979460175498
2 , 2.45134221798 , 1.860920351
3 , 3.67701332697 , 2.6443805265
4 , 4.90268443596 , 3.32984070199
5 , 6.12835554495 , 3.91730087749
6 , 7.35402665394 , 4.40676105299
7 , 8.57969776293 , 4.79822122849
8 , 9.80536887192 , 5.09168140399
9 , 11.0310399809 , 5.28714157949
10 , 12.2567110899 , 5.38460175498
11 , 13.4823821989 , 5.38406193048
12 , 14.7080533079 , 5.28552210598
13 , 15.9337244169 , 5.08898228148
14 , 17.1593955259 , 4.79444245698
15 , 18.3850666349 , 4.40190263248
16 , 19.6107377438 , 3.91136280798
17 , 20.8364088528 , 3.32282298347
18 , 22.0620799618 , 2.63628315897
19 , 23.2877510708 , 1.85174333447
20 , 24.5134221798 , 0.969203509969
0 , 0.0 , 0.0
1 , 0.062932039105 , 0.0287145961457
0 , 0.0 , 0.0
1 , 0.680985749609 , 1.28750978628
2 , 1.36197149922 , 2.47701957257
3 , 2.04295724883 , 3.56852935885
4 , 2.72394299844 , 4.56203914513
5 , 3.40492874805 , 5.45754893141
6 , 4.08591449766 , 6.2550587177
7 , 4.76690024727 , 6.95456850398
8 , 5.44788599687 , 7.55607829026
9 , 6.12887174648 , 8.05958807654
10 , 6.80985749609 , 8.46509786283
11 , 7.4908432457 , 8.77260764911
12 , 8.17182899531 , 8.98211743539
13 , 8.85281474492 , 9.09362722167
14 , 9.53380049453 , 9.10713700796
15 , 10.2147862441 , 9.02264679424
16 , 10.8957719937 , 8.84015658052
17 , 11.5767577434 , 8.5596663668
18 , 12.257743493 , 8.18117615309
19 , 12.9387292426 , 7.70468593937
20 , 13.6197149922 , 7.13019572565
21 , 14.3007007418 , 6.45770551193
22 , 14.9816864914 , 5.68721529822
23 , 15.662672241 , 4.8187250845
24 , 16.3436579906 , 3.85223487078
25 , 17.0246437402 , 2.78774465706
26 , 17.7056294898 , 1.62525444335
27 , 18.3866152395 , 0.364764229629
0 , 0.0 , 0.0
1 , 1.05193523156 , 0.272608875195
2 , 2.10387046312 , 0.44721775039
3 , 3.15580569468 , 0.523826625585
4 , 4.20774092624 , 0.50243550078
5 , 5.2596761578 , 0.383044375975
6 , 6.31161138936 , 0.16565325117
0 , 0.0 , 0.0
1 , 0.370943484963 , 0.544633667309
2 , 0.741886969926 , 0.991267334619
3 , 1.11283045489 , 1.33990100193
4 , 1.48377393985 , 1.59053466924
5 , 1.85471742482 , 1.74316833655
6 , 2.22566090978 , 1.79780200386
7 , 2.59660439474 , 1.75443567117
8 , 2.96754787971 , 1.61306933848
9 , 3.33849136467 , 1.37370300579
10 , 3.70943484963 , 1.03633667309
11 , 4.0803783346 , 0.600970340404
12 , 4.45132181956 , 0.067604007714
0 , 0.0 , 0.0
1 , 0.027834620192 , 0.149053613748
2 , 0.055669240384 , 0.200107227497
3 , 0.083503860576 , 0.153160841245
4 , 0.111338480768 , 0.00821445499326
0 , 0.0 , 0.0
1 , 0.581434243654 , 1.54847745534
2 , 1.16286848731 , 2.99895491067
3 , 1.74430273096 , 4.35143236601
4 , 2.32573697461 , 5.60590982134
5 , 2.90717121827 , 6.76238727668
6 , 3.48860546192 , 7.82086473202
7 , 4.07003970558 , 8.78134218735
8 , 4.65147394923 , 9.64381964269
9 , 5.23290819288 , 10.408297098
10 , 5.81434243654 , 11.0747745534
11 , 6.39577668019 , 11.6432520087
12 , 6.97721092384 , 12.113729464
13 , 7.5586451675 , 12.4862069194
14 , 8.14007941115 , 12.7606843747
15 , 8.7215136548 , 12.93716183
16 , 9.30294789846 , 13.0156392854
17 , 9.88438214211 , 12.9961167407
18 , 10.4658163858 , 12.878594196
19 , 11.0472506294 , 12.6630716514
20 , 11.6286848731 , 12.3495491067
21 , 12.2101191167 , 11.9380265621
22 , 12.7915533604 , 11.4285040174
23 , 13.372987604 , 10.8209814727
24 , 13.9544218477 , 10.1154589281
25 , 14.5358560913 , 9.3119363834
26 , 15.117290335 , 8.41041383874
27 , 15.6987245786 , 7.41089129407
28 , 16.2801588223 , 6.31336874941
29 , 16.861593066 , 5.11784620475
30 , 17.4430273096 , 3.82432366008
31 , 18.0244615533 , 2.43280111542
32 , 18.6058957969 , 0.943278570753
0 , 0.0 , 0.0
1 , 1.4182778634 , 0.439352231686
2 , 2.8365557268 , 0.780704463371
3 , 4.2548335902 , 1.02405669506
4 , 5.6731114536 , 1.16940892674
5 , 7.09138931699 , 1.21676115843
6 , 8.50966718039 , 1.16611339011
7 , 9.92794504379 , 1.0174656218
8 , 11.3462229072 , 0.770817853486
9 , 12.7645007706 , 0.426170085172
0 , 0.0 , 0.0
1 , 0.548127274586 , 0.195041985845
2 , 1.09625454917 , 0.292083971691
3 , 1.64438182376 , 0.291125957536
4 , 2.19250909834 , 0.192167943382
0 , 0.0 , 0.0
1 , 0.0663090437348 , 1.84984257134
2 , 0.13261808747 , 3.60168514267
3 , 0.198927131204 , 5.25552771401
4 , 0.265236174939 , 6.81137028535
5 , 0.331545218674 , 8.26921285668
6 , 0.397854262409 , 9.62905542802
7 , 0.464163306143 , 10.8908979994
8 , 0.530472349878 , 12.0547405707
9 , 0.596781393613 , 13.120583142
10 , 0.663090437348 , 14.0884257134
11 , 0.729399481082 , 14.9582682847
12 , 0.795708524817 , 15.730110856
13 , 0.862017568552 , 16.4039534274
14 , 0.928326612287 , 16.9797959987
15 , 0.994635656021 , 17.45763857
16 , 1.06094469976 , 17.8374811414
17 , 1.12725374349 , 18.1193237127
18 , 1.19356278723 , 18.3031662841
19 , 1.25987183096 , 18.3890088554
20 , 1.3261808747 , 18.3768514267
21 , 1.39248991843 , 18.2666939981
22 , 1.45879896216 , 18.0585365694
23 , 1.5251080059 , 17.7523791407
24 , 1.59141704963 , 17.3482217121
25 , 1.65772609337 , 16.8460642834
26 , 1.7240351371 , 16.2459068547
27 , 1.79034418084 , 15.5477494261
28 , 1.85665322457 , 14.7515919974
29 , 1.92296226831 , 13.8574345688
30 , 1.98927131204 , 12.8652771401
31 , 2.05558035578 , 11.7751197114
32 , 2.12188939951 , 10.5869622828
33 , 2.18819844325 , 9.3008048541
34 , 2.25450748698 , 7.91664742543
35 , 2.32081653072 , 6.43448999677
36 , 2.38712557445 , 4.85433256811
37 , 2.45343461819 , 3.17617513944
38 , 2.51974366192 , 1.40001771078
0 , 0.0 , 0.0
1 , 1.29579688412 , 1.34057203308
2 , 2.59159376824 , 2.58314406615
3 , 3.88739065236 , 3.72771609923
4 , 5.18318753647 , 4.77428813231
5 , 6.47898442059 , 5.72286016538
6 , 7.77478130471 , 6.57343219846
7 , 9.07057818883 , 7.32600423153
8 , 10.3663750729 , 7.98057626461
9 , 11.6621719571 , 8.53714829769
10 , 12.9579688412 , 8.99572033076
11 , 14.2537657253 , 9.35629236384
12 , 15.5495626094 , 9.61886439692
13 , 16.8453594935 , 9.78343642999
14 , 18.1411563777 , 9.85000846307
15 , 19.4369532618 , 9.81858049615
16 , 20.7327501459 , 9.68915252922
17 , 22.02854703 , 9.4617245623
18 , 23.3243439141 , 9.13629659538
19 , 24.6201407983 , 8.71286862845
20 , 25.9159376824 , 8.19144066153
21 , 27.2117345665 , 7.5720126946
22 , 28.5075314506 , 6.85458472768
23 , 29.8033283347 , 6.03915676076
24 , 31.0991252188 , 5.12572879383
25 , 32.394922103 , 4.11430082691
26 , 33.6907189871 , 3.00487285999
27 , 34.9865158712 , 1.79744489306
28 , 36.2823127553 , 0.49201692614
0 , 0.0 , 0.0
1 , 0.28365557268 , 0.0486704463371
0 , 0.0 , 0.0
1 , 0.0877115114168 , 0.237891426789
2 , 0.175423022834 , 0.377782853578
3 , 0.26313453425 , 0.419674280367
4 , 0.350846045667 , 0.363565707156
5 , 0.438557557084 , 0.209457133945
0 , 0.0 , 0.0
1 , 0.802956727631 , 0.842773790573
2 , 1.60591345526 , 1.58754758115
3 , 2.40887018289 , 2.23432137172
4 , 3.21182691052 , 2.78309516229
5 , 4.01478363815 , 3.23386895286
6 , 4.81774036578 , 3.58664274344
7 , 5.62069709341 , 3.84141653401
8 , 6.42365382105 , 3.99819032458
9 , 7.22661054868 , 4.05696411516
10 , 8.02956727631 , 4.01773790573
11 , 8.83252400394 , 3.8805116963
12 , 9.63548073157 , 3.64528548687
13 , 10.4384374592 , 3.31205927745
14 , 11.2413941868 , 2.88083306802
15 , 12.0443509145 , 2.35160685859
16 , 12.8473076421 , 1.72438064917
17 , 13.6502643697 , 0.999154439739
18 , 14.4532210974 , 0.175928230312
0 , 0.0 , 0.0
1 , 0.581434243654 , 1.54847745534
2 , 1.16286848731 , 2.99895491067
3 , 1.74430273096 , 4.35143236601
4 , 2.32573697461 , 5.60590982134
5 , 2.90717121827 , 6.76238727668
6 , 3.48860546192 , 7.82086473202
7 , 4.07003970558 , 8.78134218735
8 , 4.65147394923 , 9.64381964269
9 , 5.23290819288 , 10.408297098
10 , 5.81434243654 , 11.0747745534
11 , 6.39577668019 , 11.6432520087
12 , 6.97721092384 , 12.113729464
13 , 7.5586451675 , 12.4862069194
14 , 8.14007941115 , 12.7606843747
15 , 8.7215136548 , 12.93716183
16 , 9.30294789846 , 13.0156392854
17 , 9.88438214211 , 12.9961167407
18 , 10.4658163858 , 12.878594196
19 , 11.0472506294 , 12.6630716514
20 , 11.6286848731 , 12.3495491067
21 , 12.2101191167 , 11.9380265621
22 , 12.7915533604 , 11.4285040174
23 , 13.372987604 , 10.8209814727
24 , 13.9544218477 , 10.1154589281
25 , 14.5358560913 , 9.3119363834
26 , 15.117290335 , 8.41041383874
27 , 15.6987245786 , 7.41089129407
28 , 16.2801588223 , 6.31336874941
29 , 16.861593066 , 5.11784620475
30 , 17.4430273096 , 3.82432366008
31 , 18.0244615533 , 2.43280111542
32 , 18.6058957969 , 0.943278570753
0 , 0.0 , 0.0
1 , 0.121869343405 , 0.943546151641
2 , 0.24373868681 , 1.78909230328
3 , 0.365608030215 , 2.53663845492
4 , 0.487477373621 , 3.18618460657
5 , 0.609346717026 , 3.73773075821
6 , 0.731216060431 , 4.19127690985
7 , 0.853085403836 , 4.54682306149
8 , 0.974954747241 , 4.80436921313
9 , 1.09682409065 , 4.96391536477
10 , 1.21869343405 , 5.02546151641
11 , 1.34056277746 , 4.98900766805
12 , 1.46243212086 , 4.8545538197
13 , 1.58430146427 , 4.62209997134
14 , 1.70617080767 , 4.29164612298
15 , 1.82804015108 , 3.86319227462
16 , 1.94990949448 , 3.33673842626
17 , 2.07177883789 , 2.7122845779
18 , 2.19364818129 , 1.98983072954
19 , 2.3155175247 , 1.16937688119
20 , 2.4373868681 , 0.250923032826
0 , 0.0 , 0.0
1 , 1.03923048454 , 0.551
2 , 2.07846096908 , 1.004
3 , 3.11769145362 , 1.359
4 , 4.15692193817 , 1.616
5 , 5.19615242271 , 1.775
6 , 6.23538290725 , 1.836
7 , 7.27461339179 , 1.799
8 , 8.31384387633 , 1.664
9 , 9.35307436087 , 1.431
10 , 10.3923048454 , 1.1
11 , 11.43153533 , 0.671
12 , 12.4707658145 , 0.144
0 , 0.0 , 0.0
1 , 0.390681785349 , 1.08562229072
2 , 0.781363570697 , 2.07324458144
3 , 1.17204535605 , 2.96286687216
4 , 1.56272714139 , 3.75448916288
5 , 1.95340892674 , 4.4481114536
6 , 2.34409071209 , 5.04373374432
7 , 2.73477249744 , 5.54135603503
8 , 3.12545428279 , 5.94097832575
9 , 3.51613606814 , 6.24260061647
10 , 3.90681785349 , 6.44622290719
11 , 4.29749963883 , 6.55184519791
12 , 4.68818142418 , 6.55946748863
13 , 5.07886320953 , 6.46908977935
14 , 5.46954499488 , 6.28071207007
15 , 5.86022678023 , 5.99433436079
16 , 6.25090856558 , 5.60995665151
17 , 6.64159035093 , 5.12757894223
18 , 7.03227213627 , 4.54720123295
19 , 7.42295392162 , 3.86882352366
20 , 7.81363570697 , 3.09244581438
21 , 8.20431749232 , 2.2180681051
22 , 8.59499927767 , 1.24569039582
23 , 8.98568106302 , 0.175312686541
0 , 0.0 , 0.0
1 , 0.932575153748 , 0.70618446926
2 , 1.8651503075 , 1.31436893852
3 , 2.79772546125 , 1.82455340778
4 , 3.73030061499 , 2.23673787704
5 , 4.66287576874 , 2.5509223463
6 , 5.59545092249 , 2.76710681556
7 , 6.52802607624 , 2.88529128482
8 , 7.46060122999 , 2.90547575408
9 , 8.39317638374 , 2.82766022334
10 , 9.32575153748 , 2.6518446926
11 , 10.2583266912 , 2.37802916186
12 , 11.190901845 , 2.00621363112
13 , 12.1234769987 , 1.53639810038
14 , 13.0560521525 , 0.968582569637
15 , 13.9886273062 , 0.302767038897
0 , 0.0 , 0.0
1 , 0.356402609675 , 0.132596199896
2 , 0.712805219351 , 0.167192399792
3 , 1.06920782903 , 0.103788599687
0 , 0.0 , 0.0
1 , 0.0628031474915 , 1.14935544171
2 , 0.125606294983 , 2.20071088341
3 , 0.188409442475 , 3.15406632512
4 , 0.251212589966 , 4.00942176682
5 , 0.314015737458 , 4.76677720853
6 , 0.376818884949 , 5.42613265023
7 , 0.439622032441 , 5.98748809194
8 , 0.502425179932 , 6.45084353364
9 , 0.565228327424 , 6.81619897535
10 , 0.628031474915 , 7.08355441705
11 , 0.690834622407 , 7.25290985876
12 , 0.753637769898 , 7.32426530047
13 , 0.81644091739 , 7.29762074217
14 , 0.879244064881 , 7.17297618388
15 , 0.942047212373 , 6.95033162558
16 , 1.00485035986 , 6.62968706729
17 , 1.06765350736 , 6.21104250899
18 , 1.13045665485 , 5.6943979507
19 , 1.19325980234 , 5.0797533924
20 , 1.25606294983 , 4.36710883411
21 , 1.31886609732 , 3.55646427582
22 , 1.38166924481 , 2.64781971752
23 , 1.44447239231 , 1.64117515923
24 , 1.5072755398 , 0.536530600932
0 , 0.0 , 0.0
1 , 0.0798635510047 , 0.0111815023152
0 , 0.0 , 0.0
1 , 0.927183854567 , 0.325606593416
2 , 1.85436770913 , 0.553213186832
3 , 2.7815515637 , 0.682819780248
4 , 3.70873541827 , 0.714426373664
5 , 4.63591927283 , 0.64803296708
6 , 5.5631031274 , 0.483639560495
7 , 6.49028698197 , 0.221246153911
0 , 0.0 , 0.0
1 , 0.156292451396 , 0.319201941381
2 , 0.312584902791 , 0.540403882762
3 , 0.468877354187 , 0.663605824143
4 , 0.625169805583 , 0.688807765524
5 , 0.781462256979 , 0.616009706905
6 , 0.937754708374 , 0.445211648286
7 , 1.09404715977 , 0.176413589667
0 , 0.0 , 0.0
1 , 0.427407003253 , 1.80230312309
2 , 0.854814006507 , 3.50660624618
3 , 1.28222100976 , 5.11290936928
4 , 1.70962801301 , 6.62121249237
5 , 2.13703501627 , 8.03151561546
6 , 2.56444201952 , 9.34381873855
7 , 2.99184902277 , 10.5581218616
8 , 3.41925602603 , 11.6744249847
9 , 3.84666302928 , 12.6927281078
10 , 4.27407003253 , 13.6130312309
11 , 4.70147703579 , 14.435334354
12 , 5.12888403904 , 15.1596374771
13 , 5.55629104229 , 15.7859406002
14 , 5.98369804555 , 16.3142437233
15 , 6.4111050488 , 16.7445468464
16 , 6.83851205205 , 17.0768499695
17 , 7.26591905531 , 17.3111530926
18 , 7.69332605856 , 17.4474562157
19 , 8.12073306181 , 17.4857593387
20 , 8.54814006507 , 17.4260624618
21 , 8.97554706832 , 17.2683655849
22 , 9.40295407157 , 17.012668708
23 , 9.83036107483 , 16.6589718311
24 , 10.2577680781 , 16.2072749542
25 , 10.6851750813 , 15.6575780773
26 , 11.1125820846 , 15.0098812004
27 , 11.5399890878 , 14.2641843235
28 , 11.9673960911 , 13.4204874466
29 , 12.3948030943 , 12.4787905697
30 , 12.8222100976 , 11.4390936928
31 , 13.2496171009 , 10.3013968159
32 , 13.6770241041 , 9.06569993894
33 , 14.1044311074 , 7.73200306203
34 , 14.5318381106 , 6.30030618513
35 , 14.9592451139 , 4.77060930822
36 , 15.3866521171 , 3.14291243131
37 , 15.8140591204 , 1.4172155544
0 , 0.0 , 0.0
1 , 1.38564064606 , 0.751
2 , 2.77128129211 , 1.404
3 , 4.15692193817 , 1.959
4 , 5.54256258422 , 2.416
5 , 6.92820323028 , 2.775
6 , 8.31384387633 , 3.036
7 , 9.69948452239 , 3.199
8 , 11.0851251684 , 3.264
9 , 12.4707658145 , 3.231
10 , 13.8564064606 , 3.1
11 , 15.2420471066 , 2.871
12 , 16.6276877527 , 2.544
13 , 18.0133283987 , 2.119
14 , 19.3989690448 , 1.596
15 , 20.7846096908 , 0.975
16 , 22.1702503369 , 0.256
0 , 0.0 , 0.0
1 , 0.809016994375 , 0.538785252292
2 , 1.61803398875 , 0.979570504585
3 , 2.42705098312 , 1.32235575688
4 , 3.2360679775 , 1.56714100917
5 , 4.04508497187 , 1.71392626146
6 , 4.85410196625 , 1.76271151375
7 , 5.66311896062 , 1.71349676605
8 , 6.472135955 , 1.56628201834
9 , 7.28115294937 , 1.32106727063
10 , 8.09016994375 , 0.977852522925
11 , 8.89918693812 , 0.536637775217
0 , 0.0 , 0.0
1 , 0.689439998807 , 0.529508848718
2 , 1.37887999761 , 0.961017697436
3 , 2.06831999642 , 1.29452654615
4 , 2.75775999523 , 1.53003539487
5 , 3.44719999404 , 1.66754424359
6 , 4.13663999284 , 1.70705309231
7 , 4.82607999165 , 1.64856194103
8 , 5.51551999046 , 1.49207078974
9 , 6.20495998926 , 1.23757963846
10 , 6.89439998807 , 0.885088487179
11 , 7.58383998688 , 0.434597335897
0 , 0.0 , 0.0
1 , 0.242705098312 , 0.127335575688
2 , 0.485410196625 , 0.156671151375
3 , 0.728115294937 , 0.0880067270632
0 , 0.0 , 0.0
1 , 0.399317755024 , 0.251907511576
2 , 0.798635510047 , 0.405815023152
3 , 1.19795326507 , 0.461722534728
4 , 1.59727102009 , 0.419630046304
5 , 1.99658877512 , 0.27953755788
6 , 2.39590653014 , 0.0414450694561
0 , 0.0 , 0.0
1 , 1.54290114126 , 0.878068534838
2 , 3.08580228253 , 1.65813706968
3 , 4.62870342379 , 2.34020560451
4 , 6.17160456506 , 2.92427413935
5 , 7.71450570632 , 3.41034267419
6 , 9.25740684758 , 3.79841120903
7 , 10.8003079888 , 4.08847974387
8 , 12.3432091301 , 4.2805482787
9 , 13.8861102714 , 4.37461681354
10 , 15.4290114126 , 4.37068534838
11 , 16.9719125539 , 4.26875388322
12 , 18.5148136952 , 4.06882241806
13 , 20.0577148364 , 3.7708909529
14 , 21.6006159777 , 3.37495948773
15 , 23.143517119 , 2.88102802257
16 , 24.6864182602 , 2.28909655741
17 , 26.2293194015 , 1.59916509225
18 , 27.7722205427 , 0.811233627086
0 , 0.0 , 0.0
1 , 0.676189218785 , 1.40109245926
2 , 1.35237843757 , 2.70418491852
3 , 2.02856765636 , 3.90927737778
4 , 2.70475687514 , 5.01636983703
5 , 3.38094609393 , 6.02546229629
6 , 4.05713531271 , 6.93655475555
7 , 4.7333245315 , 7.74964721481
8 , 5.40951375028 , 8.46473967407
9 , 6.08570296907 , 9.08183213333
10 , 6.76189218785 , 9.60092459259
11 , 7.43808140664 , 10.0220170518
12 , 8.11427062542 , 10.3451095111
13 , 8.79045984421 , 10.5702019704
14 , 9.46664906299 , 10.6972944296
15 , 10.1428382818 , 10.7263868889
16 , 10.8190275006 , 10.6574793481
17 , 11.4952167193 , 10.4905718074
18 , 12.1714059381 , 10.2256642667
19 , 12.8475951569 , 9.86275672591
20 , 13.5237843757 , 9.40184918517
21 , 14.1999735945 , 8.84294164443
22 , 14.8761628133 , 8.18603410369
23 , 15.5523520321 , 7.43112656295
24 , 16.2285412508 , 6.57821902221
25 , 16.9047304696 , 5.62731148147
26 , 17.5809196884 , 4.57840394072
27 , 18.2571089072 , 3.43149639998
28 , 18.933298126 , 2.18658885924
29 , 19.6094873448 , 0.843681318501
0 , 0.0 , 0.0
1 , 1.04198755569 , 1.03000970051
2 , 2.08397511138 , 1.96201940102
3 , 3.12596266707 , 2.79602910152
4 , 4.16795022275 , 3.53203880203
5 , 5.20993777844 , 4.17004850254
6 , 6.25192533413 , 4.71005820305
7 , 7.29391288982 , 5.15206790356
8 , 8.33590044551 , 5.49607760406
9 , 9.3778880012 , 5.74208730457
10 , 10.4198755569 , 5.89009700508
11 , 11.4618631126 , 5.94010670559
12 , 12.5038506683 , 5.8921164061
13 , 13.545838224 , 5.7461261066
14 , 14.5878257796 , 5.50213580711
15 , 15.6298133353 , 5.16014550762
16 , 16.671800891 , 4.72015520813
17 , 17.7137884467 , 4.18216490864
18 , 18.7557760024 , 3.54617460914
19 , 19.7977635581 , 2.81218430965
20 , 20.8397511138 , 1.98019401016
21 , 21.8817386695 , 1.05020371067
22 , 22.9237262251 , 0.0222134111755
0 , 0.0 , 0.0
1 , 1.34187290871 , 0.822422456024
2 , 2.68374581743 , 1.54684491205
3 , 4.02561872614 , 2.17326736807
4 , 5.36749163485 , 2.7016898241
5 , 6.70936454356 , 3.13211228012
6 , 8.05123745228 , 3.46453473614
7 , 9.39311036099 , 3.69895719217
8 , 10.7349832697 , 3.83537964819
9 , 12.0768561784 , 3.87380210422
10 , 13.4187290871 , 3.81422456024
11 , 14.7606019958 , 3.65664701626
12 , 16.1024749046 , 3.40106947229
13 , 17.4443478133 , 3.04749192831
14 , 18.786220722 , 2.59591438434
15 , 20.1280936307 , 2.04633684036
16 , 21.4699665394 , 1.39875929638
17 , 22.8118394481 , 0.653181752409
0 , 0.0 , 0.0
1 , 0.22476395605 , 0.50731031274
2 , 0.449527912099 , 0.91662062548
3 , 0.674291868149 , 1.22793093822
4 , 0.899055824198 , 1.44124125096
5 , 1.12381978025 , 1.5565515637
6 , 1.3485837363 , 1.57386187644
7 , 1.57334769235 , 1.49317218918
8 , 1.7981116484 , 1.31448250192
9 , 2.02287560445 , 1.03779281466
10 , 2.2476395605 , 0.663103127401
11 , 2.47240351655 , 0.190413440141
0 , 0.0 , 0.0
1 , 0.507950467036 , 1.14765630949
2 , 1.01590093407 , 2.19731261898
3 , 1.52385140111 , 3.14896892846
4 , 2.03180186814 , 4.00262523795
5 , 2.53975233518 , 4.75828154744
6 , 3.04770280222 , 5.41593785693
7 , 3.55565326925 , 5.97559416642
8 , 4.06360373629 , 6.43725047591
9 , 4.57155420332 , 6.80090678539
10 , 5.07950467036 , 7.06656309488
11 , 5.5874551374 , 7.23421940437
12 , 6.09540560443 , 7.30387571386
13 , 6.60335607147 , 7.27553202335
14 , 7.1113065385 , 7.14918833283
15 , 7.61925700554 , 6.92484464232
16 , 8.12720747258 , 6.60250095181
17 , 8.63515793961 , 6.1821572613
18 , 9.14310840665 , 5.66381357079
19 , 9.65105887369 , 5.04746988028
20 , 10.1590093407 , 4.33312618976
21 , 10.6669598078 , 3.52078249925
22 , 11.1749102748 , 2.61043880874
23 , 11.6828607418 , 1.60209511823
24 , 12.1908112089 , 0.495751427716
0 , 0.0 , 0.0
1 , 1.25831166482 , 0.564719605505
2 , 2.51662332964 , 1.03143921101
3 , 3.77493499446 , 1.40015881651
4 , 5.03324665928 , 1.67087842202
5 , 6.29155832409 , 1.84359802752
6 , 7.54986998891 , 1.91831763303
7 , 8.80818165373 , 1.89503723853
8 , 10.0664933186 , 1.77375684404
9 , 11.3248049834 , 1.55447644954
10 , 12.5831166482 , 1.23719605505
11 , 13.841428313 , 0.821915660552
12 , 15.0997399778 , 0.308635266057
0 , 0.0 , 0.0
1 , 0.362346663144 , 1.3032961568
2 , 0.724693326287 , 2.50859231361
3 , 1.08703998943 , 3.61588847041
4 , 1.44938665257 , 4.62518462722
5 , 1.81173331572 , 5.53648078402
6 , 2.17407997886 , 6.34977694083
7 , 2.536426642 , 7.06507309763
8 , 2.89877330515 , 7.68236925444
9 , 3.26111996829 , 8.20166541124
10 , 3.62346663144 , 8.62296156805
11 , 3.98581329458 , 8.94625772485
12 , 4.34815995772 , 9.17155388166
13 , 4.71050662087 , 9.29885003846
14 , 5.07285328401 , 9.32814619527
15 , 5.43519994715 , 9.25944235207
16 , 5.7975466103 , 9.09273850888
17 , 6.15989327344 , 8.82803466568
18 , 6.52223993658 , 8.46533082248
19 , 6.88458659973 , 8.00462697929
20 , 7.24693326287 , 7.44592313609
21 , 7.60927992601 , 6.7892192929
22 , 7.97162658916 , 6.0345154497
23 , 8.3339732523 , 5.18181160651
24 , 8.69631991544 , 4.23110776331
25 , 9.05866657859 , 3.18240392012
26 , 9.42101324173 , 2.03570007692
27 , 9.78335990488 , 0.790996233727
0 , 0.0 , 0.0
1 , 0.109504125528 , 0.642381838417
2 , 0.219008251056 , 1.18676367683
3 , 0.328512376584 , 1.63314551525
4 , 0.438016502113 , 1.98152735367
5 , 0.547520627641 , 2.23190919208
6 , 0.657024753169 , 2.3842910305
7 , 0.766528878697 , 2.43867286892
8 , 0.876033004225 , 2.39505470733
9 , 0.985537129753 , 2.25343654575
10 , 1.09504125528 , 2.01381838417
11 , 1.20454538081 , 1.67620022258
12 , 1.31404950634 , 1.240582061
13 , 1.42355363187 , 0.706963899416
14 , 1.53305775739 , 0.0753457378324
0 , 0.0 , 0.0
1 , 1.57621255276 , 0.587831208807
2 , 3.15242510553 , 1.07766241761
3 , 4.72863765829 , 1.46949362642
4 , 6.30485021105 , 1.76332483523
5 , 7.88106276382 , 1.95915604404
6 , 9.45727531658 , 2.05698725284
7 , 11.0334878693 , 2.05681846165
8 , 12.6097004221 , 1.95864967046
9 , 14.1859129749 , 1.76248087926
10 , 15.7621255276 , 1.46831208807
11 , 17.3383380804 , 1.07614329688
12 , 18.9145506332 , 0.585974505685
0 , 0.0 , 0.0
1 , 0.404508497187 , 0.244892626146
2 , 0.809016994375 , 0.391785252292
3 , 1.21352549156 , 0.440677878439
4 , 1.61803398875 , 0.391570504585
5 , 2.02254248594 , 0.244463130731
0 , 0.0 , 0.0
1 , 1.55302727799 , 0.642452293229
2 , 3.10605455598 , 1.18690458646
3 , 4.65908183398 , 1.63335687969
4 , 6.21210911197 , 1.98180917292
5 , 7.76513638996 , 2.23226146614
6 , 9.31816366795 , 2.38471375937
7 , 10.8711909459 , 2.4391660526
8 , 12.4242182239 , 2.39561834583
9 , 13.9772455019 , 2.25407063906
10 , 15.5302727799 , 2.01452293229
11 , 17.0833000579 , 1.67697522552
12 , 18.6363273359 , 1.24142751875
13 , 20.1893546139 , 0.707879811975
14 , 21.7423818919 , 0.076332105204
0 , 0.0 , 0.0
1 , 0.665739561407 , 0.167311896062
2 , 1.33147912281 , 0.236623792125
3 , 1.99721868422 , 0.207935688187
4 , 2.66295824563 , 0.0812475842499
0 , 0.0 , 0.0
1 , 1.48685350214 , 0.775176354419
2 , 2.97370700427 , 1.45235270884
3 , 4.46056050641 , 2.03152906326
4 , 5.94741400855 , 2.51270541768
5 , 7.43426751068 , 2.89588177209
6 , 8.92112101282 , 3.18105812651
7 , 10.407974515 , 3.36823448093
8 , 11.8948280171 , 3.45741083535
9 , 13.3816815192 , 3.44858718977
10 , 14.8685350214 , 3.34176354419
11 , 16.3553885235 , 3.13693989861
12 , 17.8422420256 , 2.83411625303
13 , 19.3290955278 , 2.43329260744
14 , 20.8159490299 , 1.93446896186
15 , 22.3028025321 , 1.33764531628
16 , 23.7896560342 , 0.6428216707
0 , 0.0 , 0.0
1 , 0.410424171991 , 1.07863114494
2 , 0.820848343982 , 2.05926228989
3 , 1.23127251597 , 2.94189343483
4 , 1.64169668796 , 3.72652457977
5 , 2.05212085995 , 4.41315572472
6 , 2.46254503194 , 5.00178686966
7 , 2.87296920394 , 5.4924180146
8 , 3.28339337593 , 5.88504915954
9 , 3.69381754792 , 6.17968030449
10 , 4.10424171991 , 6.37631144943
11 , 4.5146658919 , 6.47494259437
12 , 4.92509006389 , 6.47557373932
13 , 5.33551423588 , 6.37820488426
14 , 5.74593840787 , 6.1828360292
15 , 6.15636257986 , 5.88946717415
16 , 6.56678675185 , 5.49809831909
17 , 6.97721092384 , 5.00872946403
18 , 7.38763509583 , 4.42136060898
19 , 7.79805926783 , 3.73599175392
20 , 8.20848343982 , 2.95262289886
21 , 8.61890761181 , 2.0712540438
22 , 9.0293317838 , 1.09188518875
23 , 9.43975595579 , 0.0145163336911
0 , 0.0 , 0.0
1 , 1.11145339273 , 1.10194368054
2 , 2.22290678547 , 2.10588736108
3 , 3.3343601782 , 3.01183104163
4 , 4.44581357094 , 3.81977472217
5 , 5.55726696367 , 4.52971840271
6 , 6.66872035641 , 5.14166208325
7 , 7.78017374914 , 5.65560576379
8 , 8.89162714188 , 6.07154944433
9 , 10.0030805346 , 6.38949312488
10 , 11.1145339273 , 6.60943680542
11 , 12.2259873201 , 6.73138048596
12 , 13.3374407128 , 6.7553241665
13 , 14.4488941055 , 6.68126784704
14 , 15.5603474983 , 6.50921152759
15 , 16.671800891 , 6.23915520813
16 , 17.7832542838 , 5.87109888867
17 , 18.8947076765 , 5.40504256921
18 , 20.0061610692 , 4.84098624975
19 , 21.117614462 , 4.17892993029
20 , 22.2290678547 , 3.41887361084
21 , 23.3405212474 , 2.56081729138
22 , 24.4519746402 , 1.60476097192
23 , 25.5634280329 , 0.550704652462
0 , 0.0 , 0.0
1 , 0.0831646763271 , 0.342259040294
2 , 0.166329352654 , 0.586518080587
3 , 0.249494028981 , 0.732777120881
4 , 0.332658705308 , 0.781036161174
5 , 0.415823381636 , 0.731295201468
6 , 0.498988057963 , 0.583554241761
7 , 0.58215273429 , 0.337813282055
0 , 0.0 , 0.0
1 , 0.526045376147 , 1.02955285556
2 , 1.05209075229 , 1.96110571112
3 , 1.57813612844 , 2.79465856668
4 , 2.10418150459 , 3.53021142224
5 , 2.63022688073 , 4.1677642778
6 , 3.15627225688 , 4.70731713335
7 , 3.68231763303 , 5.14886998891
8 , 4.20836300918 , 5.49242284447
9 , 4.73440838532 , 5.73797570003
10 , 5.26045376147 , 5.88552855559
11 , 5.78649913762 , 5.93508141115
12 , 6.31254451376 , 5.88663426671
13 , 6.83858988991 , 5.74018712227
14 , 7.36463526606 , 5.49573997783
15 , 7.8906806422 , 5.15329283339
16 , 8.41672601835 , 4.71284568894
17 , 8.9427713945 , 4.1743985445
18 , 9.46881677064 , 3.53795140006
19 , 9.99486214679 , 2.80350425562
20 , 10.5209075229 , 1.97105711118
21 , 11.0469528991 , 1.04060996674
22 , 11.5729982752 , 0.012162822298
0 , 0.0 , 0.0
1 , 0.307830737663 , 0.345005376803
2 , 0.615661475326 , 0.592010753607
3 , 0.923492212988 , 0.74101613041
4 , 1.23132295065 , 0.792021507213
5 , 1.53915368831 , 0.745026884017
6 , 1.84698442598 , 0.60003226082
7 , 2.15481516364 , 0.357037637624
8 , 2.4626459013 , 0.0160430144269
0 , 0.0 , 0.0
1 , 1.02693846915 , 0.3452047445
2 , 2.05387693829 , 0.592409489
3 , 3.08081540744 , 0.741614233499
4 , 4.10775387659 , 0.792818977999
5 , 5.13469234573 , 0.746023722499
6 , 6.16163081488 , 0.601228466999
7 , 7.18856928403 , 0.358433211499
8 , 8.21550775318 , 0.0176379559986
0 , 0.0 , 0.0
1 , 0.124747014491 , 0.53788856044
2 , 0.249494028981 , 0.977777120881
3 , 0.374241043472 , 1.31966568132
4 , 0.498988057963 , 1.56355424176
5 , 0.623735072453 , 1.7094428022
6 , 0.748482086944 , 1.75733136264
7 , 0.873229101435 , 1.70721992308
8 , 0.997976115925 , 1.55910848352
9 , 1.12272313042 , 1.31299704396
10 , 1.24747014491 , 0.968885604403
11 , 1.3722171594 , 0.526774164843
0 , 0.0 , 0.0
1 , 0.507950467036 , 1.14765630949
2 , 1.01590093407 , 2.19731261898
3 , 1.52385140111 , 3.14896892846
4 , 2.03180186814 , 4.00262523795
5 , 2.53975233518 , 4.75828154744
6 , 3.04770280222 , 5.41593785693
7 , 3.55565326925 , 5.97559416642
8 , 4.06360373629 , 6.43725047591
9 , 4.57155420332 , 6.80090678539
10 , 5.07950467036 , 7.06656309488
11 , 5.5874551374 , 7.23421940437
12 , 6.09540560443 , 7.30387571386
13 , 6.60335607147 , 7.27553202335
14 , 7.1113065385 , 7.14918833283
15 , 7.61925700554 , 6.92484464232
16 , 8.12720747258 , 6.60250095181
17 , 8.63515793961 , 6.1821572613
18 , 9.14310840665 , 5.66381357079
19 , 9.65105887369 , 5.04746988028
20 , 10.1590093407 , 4.33312618976
21 , 10.6669598078 , 3.52078249925
22 , 11.1749102748 , 2.61043880874
23 , 11.6828607418 , 1.60209511823
24 , 12.1908112089 , 0.495751427716
0 , 0.0 , 0.0
1 , 0.0876742293578 , 0.13075880926
2 , 0.175348458716 , 0.16351761852
3 , 0.263022688073 , 0.0982764277795
0 , 0.0 , 0.0
1 , 0.47692733781 , 0.714243286541
2 , 0.95385467562 , 1.33048657308
3 , 1.43078201343 , 1.84872985962
4 , 1.90770935124 , 2.26897314616
5 , 2.38463668905 , 2.5912164327
6 , 2.86156402686 , 2.81545971924
7 , 3.33849136467 , 2.94170300579
8 , 3.81541870248 , 2.96994629233
9 , 4.29234604029 , 2.90018957887
10 , 4.7692733781 , 2.73243286541
11 , 5.24620071591 , 2.46667615195
12 , 5.72312805372 , 2.10291943849
13 , 6.20005539153 , 1.64116272503
14 , 6.67698272934 , 1.08140601157
15 , 7.15391006715 , 0.423649298112
0 , 0.0 , 0.0
1 , 1.83697019872e-17 , 0.251
2 , 3.67394039744e-17 , 0.404
3 , 5.51091059616e-17 , 0.459
4 , 7.34788079488e-17 , 0.416
5 , 9.18485099361e-17 , 0.275
6 , 1.10218211923e-16 , 0.036
0 , 0.0 , 0.0
1 , 0.0788010753607 , 0.0125661475326
0 , 0.0 , 0.0
1 , 0.771345131624 , 0.870253331743
2 , 1.54269026325 , 1.64250666349
3 , 2.31403539487 , 2.31675999523
4 , 3.0853805265 , 2.89301332697
5 , 3.85672565812 , 3.37126665871
6 , 4.62807078974 , 3.75151999046
7 , 5.39941592137 , 4.0337733222
8 , 6.17076105299 , 4.21802665394
9 , 6.94210618461 , 4.30427998568
10 , 7.71345131624 , 4.29253331743
11 , 8.48479644786 , 4.18278664917
12 , 9.25614157949 , 3.97503998091
13 , 10.0274867111 , 3.66929331266
14 , 10.7988318427 , 3.2655466444
15 , 11.5701769744 , 2.76379997614
16 , 12.341522106 , 2.16405330788
17 , 13.1128672376 , 1.46630663963
18 , 13.8842123692 , 0.67055997137
0 , 0.0 , 0.0
1 , 1.40953893118 , 0.464030214989
2 , 2.81907786236 , 0.830060429977
3 , 4.22861679354 , 1.09809064497
4 , 5.63815572472 , 1.26812085995
5 , 7.04769465589 , 1.34015107494
6 , 8.45723358707 , 1.31418128993
7 , 9.86677251825 , 1.19021150492
8 , 11.2763114494 , 0.968241719908
9 , 12.6858503806 , 0.648271934897
10 , 14.0953893118 , 0.230302149885
0 , 0.0 , 0.0
1 , 0.359669900169 , 0.298329185229
2 , 0.719339800339 , 0.498658370459
3 , 1.07900970051 , 0.600987555688
4 , 1.43867960068 , 0.605316740918
5 , 1.79834950085 , 0.511645926147
6 , 2.15801940102 , 0.319975111377
7 , 2.51768930119 , 0.0303042966065
0 , 0.0 , 0.0
1 , 0.0522642316338 , 0.448260947684
2 , 0.104528463268 , 0.798521895368
3 , 0.156792694901 , 1.05078284305
4 , 0.209056926535 , 1.20504379074
5 , 0.261321158169 , 1.26130473842
6 , 0.313585389803 , 1.2195656861
7 , 0.365849621437 , 1.07982663379
8 , 0.418113853071 , 0.842087581473
9 , 0.470378084704 , 0.506348529157
10 , 0.522642316338 , 0.0726094768414
0 , 0.0 , 0.0
1 , 1.48685350214 , 0.775176354419
2 , 2.97370700427 , 1.45235270884
3 , 4.46056050641 , 2.03152906326
4 , 5.94741400855 , 2.51270541768
5 , 7.43426751068 , 2.89588177209
6 , 8.92112101282 , 3.18105812651
7 , 10.407974515 , 3.36823448093
8 , 11.8948280171 , 3.45741083535
9 , 13.3816815192 , 3.44858718977
10 , 14.8685350214 , 3.34176354419
11 , 16.3553885235 , 3.13693989861
12 , 17.8422420256 , 2.83411625303
13 , 19.3290955278 , 2.43329260744
14 , 20.8159490299 , 1.93446896186
15 , 22.3028025321 , 1.33764531628
16 , 23.7896560342 , 0.6428216707
0 , 0.0 , 0.0
1 , 0.307818128993 , 0.796723358707
2 , 0.615636257986 , 1.49544671741
3 , 0.923454386979 , 2.09617007612
4 , 1.23127251597 , 2.59889343483
5 , 1.53909064497 , 3.00361679354
6 , 1.84690877396 , 3.31034015224
7 , 2.15472690295 , 3.51906351095
8 , 2.46254503194 , 3.62978686966
9 , 2.77036316094 , 3.64251022837
10 , 3.07818128993 , 3.55723358707
11 , 3.38599941892 , 3.37395694578
12 , 3.69381754792 , 3.09268030449
13 , 4.00163567691 , 2.7134036632
14 , 4.3094538059 , 2.2361270219
15 , 4.6172719349 , 1.66085038061
16 , 4.92509006389 , 0.987573739317
17 , 5.23290819288 , 0.216297098024
0 , 0.0 , 0.0
1 , 0.271892336111 , 0.0777854785222
2 , 0.543784672222 , 0.0575709570444
0 , 0.0 , 0.0
1 , 0.133826121272 , 0.0996289650955
2 , 0.267652242544 , 0.101257930191
3 , 0.401478363815 , 0.00488689528644
0 , 0.0 , 0.0
1 , 1.02389518227 , 0.905797704087
2 , 2.04779036453 , 1.71359540817
3 , 3.0716855468 , 2.42339311226
4 , 4.09558072907 , 3.03519081635
5 , 5.11947591133 , 3.54898852044
6 , 6.1433710936 , 3.96478622452
7 , 7.16726627587 , 4.28258392861
8 , 8.19116145813 , 4.5023816327
9 , 9.2150566404 , 4.62417933679
10 , 10.2389518227 , 4.64797704087
11 , 11.2628470049 , 4.57377474496
12 , 12.2867421872 , 4.40157244905
13 , 13.3106373695 , 4.13137015314
14 , 14.3345325517 , 3.76316785722
15 , 15.358427734 , 3.29696556131
16 , 16.3823229163 , 2.7327632654
17 , 17.4062180985 , 2.07056096949
18 , 18.4301132808 , 1.31035867357
19 , 19.4540084631 , 0.452156377662
0 , 0.0 , 0.0
1 , 0.578508848718 , 0.640439998807
2 , 1.15701769744 , 1.18287999761
3 , 1.73552654615 , 1.62731999642
4 , 2.31403539487 , 1.97375999523
5 , 2.89254424359 , 2.22219999404
6 , 3.47105309231 , 2.37263999284
7 , 4.04956194103 , 2.42507999165
8 , 4.62807078974 , 2.37951999046
9 , 5.20657963846 , 2.23595998926
10 , 5.78508848718 , 1.99439998807
11 , 6.3635973359 , 1.65483998688
12 , 6.94210618461 , 1.21727998568
13 , 7.52061503333 , 0.681719984492
14 , 8.09912388205 , 0.0481599832991
0 , 0.0 , 0.0
1 , 1.00684660204 , 1.5622913827
2 , 2.01369320409 , 3.02658276539
3 , 3.02053980613 , 4.39287414809
4 , 4.02738640817 , 5.66116553079
5 , 5.03423301022 , 6.83145691349
6 , 6.04107961226 , 7.90374829618
7 , 7.0479262143 , 8.87803967888
8 , 8.05477281634 , 9.75433106158
9 , 9.06161941839 , 10.5326224443
10 , 10.0684660204 , 11.212913827
11 , 11.0753126225 , 11.7952052097
12 , 12.0821592245 , 12.2794965924
13 , 13.0890058266 , 12.6657879751
14 , 14.0958524286 , 12.9540793578
15 , 15.1026990306 , 13.1443707405
16 , 16.1095456327 , 13.2366621232
17 , 17.1163922347 , 13.2309535059
18 , 18.1232388368 , 13.1272448885
19 , 19.1300854388 , 12.9255362712
20 , 20.1369320409 , 12.6258276539
21 , 21.1437786429 , 12.2281190366
22 , 22.1506252449 , 11.7324104193
23 , 23.157471847 , 11.138701802
24 , 24.164318449 , 10.4469931847
25 , 25.1711650511 , 9.65728456743
26 , 26.1780116531 , 8.76957595013
27 , 27.1848582552 , 7.78386733282
28 , 28.1917048572 , 6.70015871552
29 , 29.1985514592 , 5.51845009822
30 , 30.2053980613 , 4.23874148092
31 , 31.2122446633 , 2.86103286361
32 , 32.2190912654 , 1.38532424631
0 , 0.0 , 0.0
1 , 0.327660817716 , 0.18043057454
2 , 0.655321635431 , 0.262861149081
3 , 0.982982453147 , 0.247291723621
4 , 1.31064327086 , 0.133722298162
0 , 0.0 , 0.0
1 , 0.982982453147 , 0.639291723621
2 , 1.96596490629 , 1.18058344724
3 , 2.94894735944 , 1.62387517086
4 , 3.93192981259 , 1.96916689449
5 , 4.91491226573 , 2.21645861811
6 , 5.89789471888 , 2.36575034173
7 , 6.88087717203 , 2.41704206535
8 , 7.86385962517 , 2.37033378897
9 , 8.84684207832 , 2.22562551259
10 , 9.82982453147 , 1.98291723621
11 , 10.8128069846 , 1.64220895983
12 , 11.7957894378 , 1.20350068346
13 , 12.7787718909 , 0.666792407076
14 , 13.7617543441 , 0.0320841306976
0 , 0.0 , 0.0
1 , 1.53008760954 , 0.418794727556
2 , 3.06017521908 , 0.739589455113
3 , 4.59026282862 , 0.962384182669
4 , 6.12035043816 , 1.08717891023
5 , 7.6504380477 , 1.11397363778
6 , 9.18052565725 , 1.04276836534
7 , 10.7106132668 , 0.873563092895
8 , 12.2407008763 , 0.606357820451
9 , 13.7707884859 , 0.241152548007
0 , 0.0 , 0.0
1 , 0.28365557268 , 0.0486704463371
0 , 0.0 , 0.0
1 , 1.34819106945 , 0.608556720184
2 , 2.6963821389 , 1.11911344037
3 , 4.04457320835 , 1.53167016055
4 , 5.3927642778 , 1.84622688073
5 , 6.74095534724 , 2.06278360092
6 , 8.08914641669 , 2.1813403211
7 , 9.43733748614 , 2.20189704129
8 , 10.7855285556 , 2.12445376147
9 , 12.133719625 , 1.94901048165
10 , 13.4819106945 , 1.67556720184
11 , 14.8301017639 , 1.30412392202
12 , 16.1782928334 , 0.834680642203
13 , 17.5264839028 , 0.267237362387
0 , 0.0 , 0.0
1 , 0.233143788437 , 0.139796117315
2 , 0.466287576874 , 0.18159223463
3 , 0.699431365311 , 0.125388351945
0 , 0.0 , 0.0
1 , 0.0798635510047 , 0.0111815023152
0 , 0.0 , 0.0
1 , 0.606217782649 , 0.301
2 , 1.2124355653 , 0.504
3 , 1.81865334795 , 0.609
4 , 2.4248711306 , 0.616
5 , 3.03108891325 , 0.525
6 , 3.63730669589 , 0.336
7 , 4.24352447854 , 0.049
0 , 0.0 , 0.0
1 , 1.47657732677 , 1.14670874299
2 , 2.95315465354 , 2.19541748599
3 , 4.4297319803 , 3.14612622898
4 , 5.90630930707 , 3.99883497198
5 , 7.38288663384 , 4.75354371497
6 , 8.85946396061 , 5.41025245797
7 , 10.3360412874 , 5.96896120096
8 , 11.8126186141 , 6.42966994396
9 , 13.2891959409 , 6.79237868695
10 , 14.7657732677 , 7.05708742995
11 , 16.2423505945 , 7.22379617294
12 , 17.7189279212 , 7.29250491594
13 , 19.195505248 , 7.26321365893
14 , 20.6720825748 , 7.13592240193
15 , 22.1486599015 , 6.91063114492
16 , 23.6252372283 , 6.58733988792
17 , 25.1018145551 , 6.16604863091
18 , 26.5783918818 , 5.6467573739
19 , 28.0549692086 , 5.0294661169
20 , 29.5315465354 , 4.31417485989
21 , 31.0081238621 , 3.50088360289
22 , 32.4847011889 , 2.58959234588
23 , 33.9612785157 , 1.58030108888
24 , 35.4378558424 , 0.473009831873
0 , 0.0 , 0.0
1 , 0.00348994967025 , 0.0509390827019
2 , 0.0069798993405 , 0.00387816540382
0 , 0.0 , 0.0
1 , 0.587785252292 , 0.760016994375
2 , 1.17557050458 , 1.42203398875
3 , 1.76335575688 , 1.98605098312
4 , 2.35114100917 , 2.4520679775
5 , 2.93892626146 , 2.82008497187
6 , 3.52671151375 , 3.09010196625
7 , 4.11449676605 , 3.26211896062
8 , 4.70228201834 , 3.336135955
9 , 5.29006727063 , 3.31215294937
10 , 5.87785252292 , 3.19016994375
11 , 6.46563777522 , 2.97018693812
12 , 7.05342302751 , 2.6522039325
13 , 7.6412082798 , 2.23622092687
14 , 8.22899353209 , 1.72223792125
15 , 8.81677878439 , 1.11025491562
16 , 9.40456403668 , 0.400271909999
0 , 0.0 , 0.0
1 , 0.264959632117 , 0.375024048078
2 , 0.529919264233 , 0.652048096156
3 , 0.79487889635 , 0.831072144235
4 , 1.05983852847 , 0.912096192313
5 , 1.32479816058 , 0.895120240391
6 , 1.5897577927 , 0.780144288469
7 , 1.85471742482 , 0.567168336547
8 , 2.11967705693 , 0.256192384626
0 , 0.0 , 0.0
1 , 0.217855614006 , 0.286468227178
2 , 0.435711228012 , 0.474936454356
3 , 0.653566842018 , 0.565404681535
4 , 0.871422456024 , 0.557872908713
5 , 1.08927807003 , 0.452341135891
6 , 1.30713368404 , 0.248809363069
0 , 0.0 , 0.0
1 , 0.463591927283 , 0.138303296708
2 , 0.927183854567 , 0.178606593416
3 , 1.39077578185 , 0.120909890124
0 , 0.0 , 0.0
1 , 0.804489071781 , 0.701198196069
2 , 1.60897814356 , 1.30439639214
3 , 2.41346721534 , 1.80959458821
4 , 3.21795628712 , 2.21679278427
5 , 4.02244535891 , 2.52599098034
6 , 4.82693443069 , 2.73718917641
7 , 5.63142350247 , 2.85038737248
8 , 6.43591257425 , 2.86558556855
9 , 7.24040164603 , 2.78278376462
10 , 8.04489071781 , 2.60198196069
11 , 8.84937978959 , 2.32318015676
12 , 9.65386886137 , 1.94637835282
13 , 10.4583579332 , 1.47157654889
14 , 11.2628470049 , 0.898774744962
15 , 12.0673360767 , 0.227972941031
0 , 0.0 , 0.0
1 , 0.738793770391 , 0.896612904328
2 , 1.47758754078 , 1.69522580866
3 , 2.21638131117 , 2.39583871298
4 , 2.95517508156 , 2.99845161731
5 , 3.69396885195 , 3.50306452164
6 , 4.43276262234 , 3.90967742597
7 , 5.17155639274 , 4.2182903303
8 , 5.91035016313 , 4.42890323462
9 , 6.64914393352 , 4.54151613895
10 , 7.38793770391 , 4.55612904328
11 , 8.1267314743 , 4.47274194761
12 , 8.86552524469 , 4.29135485194
13 , 9.60431901508 , 4.01196775626
14 , 10.3431127855 , 3.63458066059
15 , 11.0819065559 , 3.15919356492
16 , 11.8207003263 , 2.58580646925
17 , 12.5594940966 , 1.91441937358
18 , 13.298287867 , 1.14503227791
19 , 14.0370816374 , 0.277645182233
0 , 0.0 , 0.0
1 , 1.01028974989 , 0.769116508365
2 , 2.02057949979 , 1.44023301673
3 , 3.03086924968 , 2.01334952509
4 , 4.04115899958 , 2.48846603346
5 , 5.05144874947 , 2.86558254182
6 , 6.06173849936 , 3.14469905019
7 , 7.07202824926 , 3.32581555855
8 , 8.08231799915 , 3.40893206692
9 , 9.09260774905 , 3.39404857528
10 , 10.1028974989 , 3.28116508365
11 , 11.1131872488 , 3.07028159201
12 , 12.1234769987 , 2.76139810038
13 , 13.1337667486 , 2.35451460874
14 , 14.1440564985 , 1.84963111711
15 , 15.1543462484 , 1.24674762547
16 , 16.1646359983 , 0.545864133837
0 , 0.0 , 0.0
1 , 0.150941916045 , 0.0822118057981
2 , 0.301883832089 , 0.0664236115962
0 , 0.0 , 0.0
1 , 0.794652833573 , 0.373524406507
2 , 1.58930566715 , 0.649048813015
3 , 2.38395850072 , 0.826573219522
4 , 3.17861133429 , 0.906097626029
5 , 3.97326416787 , 0.887622032537
6 , 4.76791700144 , 0.771146439044
7 , 5.56256983501 , 0.556670845551
8 , 6.35722266858 , 0.244195252058
0 , 0.0 , 0.0
1 , 0.478828200656 , 1.2665696691
2 , 0.957656401312 , 2.4351393382
3 , 1.43648460197 , 3.5057090073
4 , 1.91531280262 , 4.4782786764
5 , 2.39414100328 , 5.3528483455
6 , 2.87296920394 , 6.1294180146
7 , 3.35179740459 , 6.8079876837
8 , 3.83062560525 , 7.3885573528
9 , 4.3094538059 , 7.8711270219
10 , 4.78828200656 , 8.255696691
11 , 5.26711020722 , 8.5422663601
12 , 5.74593840787 , 8.7308360292
13 , 6.22476660853 , 8.8214056983
14 , 6.70359480918 , 8.8139753674
15 , 7.18242300984 , 8.7085450365
16 , 7.66125121049 , 8.5051147056
17 , 8.14007941115 , 8.2036843747
18 , 8.61890761181 , 7.8042540438
19 , 9.09773581246 , 7.30682371291
20 , 9.57656401312 , 6.71139338201
21 , 10.0553922138 , 6.01796305111
22 , 10.5342204144 , 5.22653272021
23 , 11.0130486151 , 4.33710238931
24 , 11.4918768157 , 3.34967205841
25 , 11.9707050164 , 2.26424172751
26 , 12.4495332171 , 1.08081139661
0 , 0.0 , 0.0
1 , 0.2287028599 , 1.02696236081
2 , 0.457405719799 , 1.95592472161
3 , 0.686108579699 , 2.78688708242
4 , 0.914811439598 , 3.51984944323
5 , 1.1435142995 , 4.15481180404
6 , 1.3722171594 , 4.69177416484
7 , 1.6009200193 , 5.13073652565
8 , 1.8296228792 , 5.47169888646
9 , 2.0583257391 , 5.71466124726
10 , 2.287028599 , 5.85962360807
11 , 2.51573145889 , 5.90658596888
12 , 2.74443431879 , 5.85554832969
13 , 2.97313717869 , 5.70651069049
14 , 3.20184003859 , 5.4594730513
15 , 3.43054289849 , 5.11443541211
16 , 3.65924575839 , 4.67139777291
17 , 3.88794861829 , 4.13036013372
18 , 4.11665147819 , 3.49132249453
19 , 4.34535433809 , 2.75428485534
20 , 4.57405719799 , 1.91924721614
21 , 4.80276005789 , 0.986209576951
0 , 0.0 , 0.0
1 , 0.593633667309 , 0.321943484963
2 , 1.18726733462 , 0.545886969926
3 , 1.78090100193 , 0.67183045489
4 , 2.37453466924 , 0.699773939853
5 , 2.96816833655 , 0.629717424816
6 , 3.56180200386 , 0.461660909779
7 , 4.15543567117 , 0.195604394743
0 , 0.0 , 0.0
1 , 0.192252339188 , 0.0061274711634
0 , 0.0 , 0.0
1 , 0.754709580223 , 0.607059028991
2 , 1.50941916045 , 1.11611805798
3 , 2.26412874067 , 1.52717708697
4 , 3.01883832089 , 1.84023611596
5 , 3.77354790111 , 2.05529514495
6 , 4.52825748134 , 2.17235417394
7 , 5.28296706156 , 2.19141320293
8 , 6.03767664178 , 2.11247223192
9 , 6.792386222 , 1.93553126091
10 , 7.54709580223 , 1.66059028991
11 , 8.30180538245 , 1.2876493189
12 , 9.05651496267 , 0.816708347886
13 , 9.8112245429 , 0.247767376877
0 , 0.0 , 0.0
1 , 0.0651136308914 , 0.14010371512
2 , 0.130227261783 , 0.18220743024
3 , 0.195340892674 , 0.12631114536
0 , 0.0 , 0.0
1 , 0.860364654527 , 1.17972806643
2 , 1.72072930905 , 2.26145613287
3 , 2.58109396358 , 3.2451841993
4 , 3.44145861811 , 4.13091226573
5 , 4.30182327263 , 4.91864033217
6 , 5.16218792716 , 5.6083683986
7 , 6.02255258169 , 6.20009646503
8 , 6.88291723621 , 6.69382453147
9 , 7.74328189074 , 7.0895525979
10 , 8.60364654527 , 7.38728066433
11 , 9.46401119979 , 7.58700873077
12 , 10.3243758543 , 7.6887367972
13 , 11.1847405088 , 7.69246486364
14 , 12.0451051634 , 7.59819293007
15 , 12.9054698179 , 7.4059209965
16 , 13.7658344724 , 7.11564906294
17 , 14.626199127 , 6.72737712937
18 , 15.4865637815 , 6.2411051958
19 , 16.346928436 , 5.65683326224
20 , 17.2072930905 , 4.97456132867
21 , 18.0676577451 , 4.1942893951
22 , 18.9280223996 , 3.31601746154
23 , 19.7883870541 , 2.33974552797
24 , 20.6487517086 , 1.2654735944
25 , 21.5091163632 , 0.0932016608372
0 , 0.0 , 0.0
1 , 1.44168176347 , 0.851862749196
2 , 2.88336352693 , 1.60572549839
3 , 4.3250452904 , 2.26158824759
4 , 5.76672705386 , 2.81945099679
5 , 7.20840881733 , 3.27931374598
6 , 8.6500905808 , 3.64117649518
7 , 10.0917723443 , 3.90503924438
8 , 11.5334541077 , 4.07090199357
9 , 12.9751358712 , 4.13876474277
10 , 14.4168176347 , 4.10862749196
11 , 15.8584993981 , 3.98049024116
12 , 17.3001811616 , 3.75435299036
13 , 18.7418629251 , 3.43021573955
14 , 20.1835446885 , 3.00807848875
15 , 21.625226452 , 2.48794123795
16 , 23.0669082155 , 1.86980398714
17 , 24.5085899789 , 1.15366673634
18 , 25.9502717424 , 0.339529485536
